País,Sigla,Data,Despesas com patrimônio cultural e natural per capita,Satisfação com a vida,Índice de Cultura Democrática
Afghanistan,AFG,2006-01-01,,,2.5
Afghanistan,AFG,2008-01-01,,,2.5
Afghanistan,AFG,2010-01-01,,,2.5
Afghanistan,AFG,2011-01-01,,4.25835,2.5
Afghanistan,AFG,2012-01-01,,,2.5
Afghanistan,AFG,2013-01-01,,,2.5
Afghanistan,AFG,2014-01-01,,3.575,2.5
Afghanistan,AFG,2015-01-01,,3.36,2.5
Afghanistan,AFG,2016-01-01,,3.794,2.5
Afghanistan,AFG,2017-01-01,,3.6315,2.5
Afghanistan,AFG,2018-01-01,,3.2033,2.5
Afghanistan,AFG,2019-01-01,,2.5669,2.5
Afghanistan,AFG,2020-01-01,,2.5229,2.5
Afghanistan,AFG,2021-01-01,,2.4038,1.25
Afghanistan,AFG,2022-01-01,,1.859,1.25
Afghanistan,AFG,2023-01-01,,1.721,
Africa,,2011-01-01,,4.4531074,
Africa,,2014-01-01,,4.4741573,
Africa,,2015-01-01,,4.395968,
Africa,,2016-01-01,,4.457408,
Africa,,2017-01-01,,4.4459715,
Africa,,2018-01-01,,4.5119743,
Africa,,2019-01-01,,4.4599953,
Africa,,2020-01-01,,4.551006,
Africa,,2021-01-01,,4.517288,
Africa,,2022-01-01,,4.4265237,
Africa,,2023-01-01,,4.384616,
Albania,ALB,2006-01-01,,,5.63
Albania,ALB,2008-01-01,,,5.63
Albania,ALB,2010-01-01,,,5.0
Albania,ALB,2011-01-01,,5.133704,5.0
Albania,ALB,2012-01-01,,,5.0
Albania,ALB,2013-01-01,,,5.0
Albania,ALB,2014-01-01,,4.959,5.0
Albania,ALB,2015-01-01,,4.655,5.0
Albania,ALB,2016-01-01,,4.644,5.0
Albania,ALB,2017-01-01,,4.586,5.0
Albania,ALB,2018-01-01,,4.7186,5.0
Albania,ALB,2019-01-01,,4.8827,5.0
Albania,ALB,2020-01-01,,5.1174,6.25
Albania,ALB,2021-01-01,,5.1988,5.63
Albania,ALB,2022-01-01,,5.2773,6.25
Albania,ALB,2023-01-01,,5.3042,6.25
Algeria,DZA,2006-01-01,,,5.63
Algeria,DZA,2008-01-01,,,5.63
Algeria,DZA,2010-01-01,,,5.63
Algeria,DZA,2011-01-01,,5.367827,5.63
Algeria,DZA,2012-01-01,,,5.63
Algeria,DZA,2013-01-01,,,5.63
Algeria,DZA,2014-01-01,,5.605,5.63
Algeria,DZA,2015-01-01,,6.355,6.25
Algeria,DZA,2016-01-01,,5.872,5.0
Algeria,DZA,2017-01-01,,5.2946,5.0
Algeria,DZA,2018-01-01,,5.2113,5.0
Algeria,DZA,2019-01-01,,5.0051,5.0
Algeria,DZA,2020-01-01,,4.8871,5.0
Algeria,DZA,2021-01-01,,5.1223,5.0
Algeria,DZA,2022-01-01,,5.3291,5.0
Algeria,DZA,2023-01-01,,5.3635,5.0
Angola,AGO,2006-01-01,,,5.63
Angola,AGO,2008-01-01,,,4.38
Angola,AGO,2010-01-01,,,4.38
Angola,AGO,2011-01-01,,4.17838,4.38
Angola,AGO,2012-01-01,,,4.38
Angola,AGO,2013-01-01,,,4.38
Angola,AGO,2014-01-01,,4.033,4.38
Angola,AGO,2015-01-01,,3.866,4.38
Angola,AGO,2016-01-01,,3.795,4.38
Angola,AGO,2017-01-01,,3.7948,5.0
Angola,AGO,2018-01-01,,,5.0
Angola,AGO,2019-01-01,,,5.0
Angola,AGO,2020-01-01,,,5.0
Angola,AGO,2021-01-01,,,5.0
Angola,AGO,2022-01-01,,,5.0
Angola,AGO,2023-01-01,,,5.0
Argentina,ARG,2006-01-01,,,5.63
Argentina,ARG,2008-01-01,,,5.63
Argentina,ARG,2010-01-01,,,6.25
Argentina,ARG,2011-01-01,,6.242357,6.25
Argentina,ARG,2012-01-01,,,6.25
Argentina,ARG,2013-01-01,,,6.25
Argentina,ARG,2014-01-01,,6.574,6.25
Argentina,ARG,2015-01-01,,6.65,6.88
Argentina,ARG,2016-01-01,,6.599,6.88
Argentina,ARG,2017-01-01,,6.388,6.88
Argentina,ARG,2018-01-01,,6.0863,6.25
Argentina,ARG,2019-01-01,,5.9747,6.25
Argentina,ARG,2020-01-01,,5.9293,5.63
Argentina,ARG,2021-01-01,,5.967,5.0
Argentina,ARG,2022-01-01,,6.0237,4.38
Argentina,ARG,2023-01-01,,6.1881,3.75
Armenia,ARM,2006-01-01,,,3.13
Armenia,ARM,2008-01-01,,,3.13
Armenia,ARM,2010-01-01,,,3.13
Armenia,ARM,2011-01-01,,4.473529,3.13
Armenia,ARM,2012-01-01,,,3.13
Armenia,ARM,2013-01-01,,,3.13
Armenia,ARM,2014-01-01,,4.35,3.13
Armenia,ARM,2015-01-01,,4.36,2.5
Armenia,ARM,2016-01-01,,4.376,1.88
Armenia,ARM,2017-01-01,,4.3206,1.88
Armenia,ARM,2018-01-01,,4.5594,2.5
Armenia,ARM,2019-01-01,,4.6768,3.13
Armenia,ARM,2020-01-01,,5.2826,3.13
Armenia,ARM,2021-01-01,,5.3986,3.13
Armenia,ARM,2022-01-01,,5.3417,3.13
Armenia,ARM,2023-01-01,,5.4549,3.13
Asia,,2011-01-01,,4.984745,
Asia,,2014-01-01,,5.009448,
Asia,,2015-01-01,,4.982811,
Asia,,2016-01-01,,4.9764075,
Asia,,2017-01-01,,4.9194794,
Asia,,2018-01-01,,4.8504577,
Asia,,2019-01-01,,4.732687,
Asia,,2020-01-01,,4.8465176,
Asia,,2021-01-01,,4.892916,
Asia,,2022-01-01,,5.0073028,
Asia,,2023-01-01,,5.0826163,
Australia,AUS,2006-01-01,,,8.75
Australia,AUS,2008-01-01,,,8.75
Australia,AUS,2010-01-01,,,9.38
Australia,AUS,2011-01-01,,7.344625,9.38
Australia,AUS,2012-01-01,,,9.38
Australia,AUS,2013-01-01,,,9.38
Australia,AUS,2014-01-01,,7.284,8.75
Australia,AUS,2015-01-01,,7.313,8.75
Australia,AUS,2016-01-01,,7.284,8.75
Australia,AUS,2017-01-01,,7.2721,8.75
Australia,AUS,2018-01-01,,7.228,8.75
Australia,AUS,2019-01-01,,7.2228,8.75
Australia,AUS,2020-01-01,55.11,7.1835,8.75
Australia,AUS,2021-01-01,,7.1621,8.75
Australia,AUS,2022-01-01,,7.0946,7.5
Australia,AUS,2023-01-01,,7.0569,7.5
Austria,AUT,2006-01-01,,,8.75
Austria,AUT,2008-01-01,,,8.13
Austria,AUT,2010-01-01,,,8.13
Austria,AUT,2011-01-01,,7.227316,8.13
Austria,AUT,2012-01-01,,,8.13
Austria,AUT,2013-01-01,,,8.13
Austria,AUT,2014-01-01,,7.2,7.5
Austria,AUT,2015-01-01,,7.119,7.5
Austria,AUT,2016-01-01,,7.006,6.88
Austria,AUT,2017-01-01,,7.1394,6.88
Austria,AUT,2018-01-01,,7.246,6.88
Austria,AUT,2019-01-01,,7.2942,6.88
Austria,AUT,2020-01-01,,7.2678,6.88
Austria,AUT,2021-01-01,,7.163,6.88
Austria,AUT,2022-01-01,,7.0973,6.88
Austria,AUT,2023-01-01,,6.9047,6.88
Azerbaijan,AZE,2006-01-01,,,3.75
Azerbaijan,AZE,2008-01-01,,,3.75
Azerbaijan,AZE,2010-01-01,,,3.75
Azerbaijan,AZE,2011-01-01,,4.581938,3.75
Azerbaijan,AZE,2012-01-01,,,3.75
Azerbaijan,AZE,2013-01-01,,,3.75
Azerbaijan,AZE,2014-01-01,,5.212,3.75
Azerbaijan,AZE,2015-01-01,,5.291,3.75
Azerbaijan,AZE,2016-01-01,,5.234,3.75
Azerbaijan,AZE,2017-01-01,,5.2006,3.75
Azerbaijan,AZE,2018-01-01,,5.2077,3.75
Azerbaijan,AZE,2019-01-01,,5.1648,3.75
Azerbaijan,AZE,2020-01-01,,5.1708,3.75
Azerbaijan,AZE,2021-01-01,,5.1734,5.0
Azerbaijan,AZE,2022-01-01,,,5.0
Azerbaijan,AZE,2023-01-01,,4.8934,5.0
Bahrain,BHR,2006-01-01,,,5.0
Bahrain,BHR,2008-01-01,,,5.0
Bahrain,BHR,2010-01-01,,,5.0
Bahrain,BHR,2011-01-01,,5.567952,4.38
Bahrain,BHR,2012-01-01,,,4.38
Bahrain,BHR,2013-01-01,,,4.38
Bahrain,BHR,2014-01-01,,5.96,4.38
Bahrain,BHR,2015-01-01,,6.218,4.38
Bahrain,BHR,2016-01-01,,6.087,4.38
Bahrain,BHR,2017-01-01,,6.1051,4.38
Bahrain,BHR,2018-01-01,,6.1994,4.38
Bahrain,BHR,2019-01-01,,6.2273,4.38
Bahrain,BHR,2020-01-01,,6.6469,4.38
Bahrain,BHR,2021-01-01,,6.6469,4.38
Bahrain,BHR,2022-01-01,,6.1732,4.38
Bahrain,BHR,2023-01-01,,5.9591,4.38
Bangladesh,BGD,2006-01-01,,,6.25
Bangladesh,BGD,2008-01-01,,,3.75
Bangladesh,BGD,2010-01-01,,,5.0
Bangladesh,BGD,2011-01-01,,4.807098,4.38
Bangladesh,BGD,2012-01-01,,,4.38
Bangladesh,BGD,2013-01-01,,,4.38
Bangladesh,BGD,2014-01-01,,4.694,4.38
Bangladesh,BGD,2015-01-01,,4.643,4.38
Bangladesh,BGD,2016-01-01,,4.608,4.38
Bangladesh,BGD,2017-01-01,,4.5004,4.38
Bangladesh,BGD,2018-01-01,,4.4558,4.38
Bangladesh,BGD,2019-01-01,,4.8328,4.38
Bangladesh,BGD,2020-01-01,,5.0246,5.63
Bangladesh,BGD,2021-01-01,,5.1555,5.63
Bangladesh,BGD,2022-01-01,,4.2821,5.63
Bangladesh,BGD,2023-01-01,,3.8859,5.63
Belarus,BLR,2006-01-01,,,4.38
Belarus,BLR,2008-01-01,,,4.38
Belarus,BLR,2010-01-01,,,4.38
Belarus,BLR,2011-01-01,,5.566307,4.38
Belarus,BLR,2012-01-01,,,4.38
Belarus,BLR,2013-01-01,,,4.38
Belarus,BLR,2014-01-01,,5.813,6.25
Belarus,BLR,2015-01-01,,5.802,6.25
Belarus,BLR,2016-01-01,,5.569,6.25
Belarus,BLR,2017-01-01,,5.4833,5.63
Belarus,BLR,2018-01-01,,5.3225,5.63
Belarus,BLR,2019-01-01,71.03,5.5399,4.38
Belarus,BLR,2020-01-01,,5.5335,5.0
Belarus,BLR,2021-01-01,,5.8215,4.38
Belarus,BLR,2022-01-01,,,4.38
Belgium,BEL,2006-01-01,,,6.88
Belgium,BEL,2008-01-01,,,7.5
Belgium,BEL,2010-01-01,,,7.5
Belgium,BEL,2011-01-01,,7.113178,7.5
Belgium,BEL,2012-01-01,,,7.5
Belgium,BEL,2013-01-01,,,7.5
Belgium,BEL,2014-01-01,,6.937,6.88
Belgium,BEL,2015-01-01,,6.929,6.88
Belgium,BEL,2016-01-01,,6.891,6.88
Belgium,BEL,2017-01-01,,6.9269,6.88
Belgium,BEL,2018-01-01,,6.923,6.88
Belgium,BEL,2019-01-01,,6.8635,6.88
Belgium,BEL,2020-01-01,,6.834,6.88
Belgium,BEL,2021-01-01,,6.805,6.88
Belgium,BEL,2022-01-01,,6.8591,6.88
Belgium,BEL,2023-01-01,,6.8942,6.88
Belize,BLZ,2011-01-01,,6.450644,
Belize,BLZ,2015-01-01,,5.956,
Belize,BLZ,2016-01-01,,5.956,
Belize,BLZ,2017-01-01,,5.9556,
Benin,BEN,2006-01-01,,,6.88
Benin,BEN,2008-01-01,,,5.63
Benin,BEN,2010-01-01,,,5.63
Benin,BEN,2011-01-01,,3.492997,5.63
Benin,BEN,2012-01-01,,,5.63
Benin,BEN,2013-01-01,,,5.63
Benin,BEN,2014-01-01,,3.34,5.63
Benin,BEN,2015-01-01,,3.484,5.63
Benin,BEN,2016-01-01,,3.657,5.63
Benin,BEN,2017-01-01,,4.1414,5.63
Benin,BEN,2018-01-01,,4.8832,5.63
Benin,BEN,2019-01-01,,5.216,5.63
Benin,BEN,2020-01-01,,5.0452,5.63
Benin,BEN,2021-01-01,,4.6232,5.63
Benin,BEN,2022-01-01,,4.3737,6.25
Benin,BEN,2023-01-01,,4.3774,6.25
Bhutan,BTN,2006-01-01,,,3.75
Bhutan,BTN,2008-01-01,,,4.38
Bhutan,BTN,2010-01-01,,,4.38
Bhutan,BTN,2011-01-01,,,4.38
Bhutan,BTN,2012-01-01,,,4.38
Bhutan,BTN,2013-01-01,,,4.38
Bhutan,BTN,2014-01-01,,5.253,4.38
Bhutan,BTN,2015-01-01,,5.196,4.38
Bhutan,BTN,2016-01-01,,5.011,4.38
Bhutan,BTN,2017-01-01,,5.0821,4.38
Bhutan,BTN,2018-01-01,,5.0821,4.38
Bhutan,BTN,2019-01-01,,,4.38
Bhutan,BTN,2020-01-01,,,5.0
Bhutan,BTN,2021-01-01,,,5.0
Bhutan,BTN,2022-01-01,,,5.0
Bhutan,BTN,2023-01-01,,,5.0
Bolivia,BOL,2006-01-01,,,3.75
Bolivia,BOL,2008-01-01,,,3.75
Bolivia,BOL,2010-01-01,,,3.75
Bolivia,BOL,2011-01-01,,5.633493,3.75
Bolivia,BOL,2012-01-01,,,3.75
Bolivia,BOL,2013-01-01,,,3.75
Bolivia,BOL,2014-01-01,,5.89,3.75
Bolivia,BOL,2015-01-01,,5.822,3.75
Bolivia,BOL,2016-01-01,,5.823,3.75
Bolivia,BOL,2017-01-01,,5.7519,3.75
Bolivia,BOL,2018-01-01,,5.7793,3.75
Bolivia,BOL,2019-01-01,,5.7475,3.75
Bolivia,BOL,2020-01-01,,5.7159,3.75
Bolivia,BOL,2021-01-01,,5.6003,2.5
Bolivia,BOL,2022-01-01,,5.6843,1.25
Bolivia,BOL,2023-01-01,,5.7843,1.25
Bosnia and Herzegovina,BIH,2006-01-01,,,5.0
Bosnia and Herzegovina,BIH,2008-01-01,,,5.0
Bosnia and Herzegovina,BIH,2010-01-01,,,5.0
Bosnia and Herzegovina,BIH,2011-01-01,,4.857435,5.0
Bosnia and Herzegovina,BIH,2012-01-01,,,5.0
Bosnia and Herzegovina,BIH,2013-01-01,,,5.0
Bosnia and Herzegovina,BIH,2014-01-01,,4.949,4.38
Bosnia and Herzegovina,BIH,2015-01-01,,5.163,4.38
Bosnia and Herzegovina,BIH,2016-01-01,,5.182,3.75
Bosnia and Herzegovina,BIH,2017-01-01,,5.1294,3.75
Bosnia and Herzegovina,BIH,2018-01-01,,5.3865,3.75
Bosnia and Herzegovina,BIH,2019-01-01,53.63,5.6741,3.75
Bosnia and Herzegovina,BIH,2020-01-01,50.75,5.8131,3.13
Bosnia and Herzegovina,BIH,2021-01-01,52.63,5.768,3.75
Bosnia and Herzegovina,BIH,2022-01-01,,5.6325,3.13
Bosnia and Herzegovina,BIH,2023-01-01,,5.877,3.13
Botswana,BWA,2006-01-01,,,6.88
Botswana,BWA,2008-01-01,,,6.25
Botswana,BWA,2010-01-01,,,6.88
Botswana,BWA,2011-01-01,,4.580534,6.88
Botswana,BWA,2012-01-01,,,6.88
Botswana,BWA,2013-01-01,,,7.5
Botswana,BWA,2014-01-01,,4.332,7.5
Botswana,BWA,2015-01-01,,3.974,7.5
Botswana,BWA,2016-01-01,,3.766,7.5
Botswana,BWA,2017-01-01,,3.5898,7.5
Botswana,BWA,2018-01-01,,3.4884,7.5
Botswana,BWA,2019-01-01,,3.4789,7.5
Botswana,BWA,2020-01-01,,3.4665,7.5
Botswana,BWA,2021-01-01,,3.4711,7.5
Botswana,BWA,2022-01-01,,3.4353,7.5
Botswana,BWA,2023-01-01,,3.3834,7.5
Brazil,BRA,2006-01-01,,,5.63
Brazil,BRA,2008-01-01,,,5.63
Brazil,BRA,2010-01-01,,,4.38
Brazil,BRA,2011-01-01,,6.697499,4.38
Brazil,BRA,2012-01-01,,,4.38
Brazil,BRA,2013-01-01,,,4.38
Brazil,BRA,2014-01-01,,6.983,6.25
Brazil,BRA,2015-01-01,,6.952,3.75
Brazil,BRA,2016-01-01,,6.635,3.75
Brazil,BRA,2017-01-01,,6.4189,5.0
Brazil,BRA,2018-01-01,,6.2998,5.0
Brazil,BRA,2019-01-01,,6.3756,5.0
Brazil,BRA,2020-01-01,,6.3301,5.63
Brazil,BRA,2021-01-01,,6.2928,5.63
Brazil,BRA,2022-01-01,,6.1246,5.0
Brazil,BRA,2023-01-01,,6.272,5.0
Bulgaria,BGR,2006-01-01,,,5.0
Bulgaria,BGR,2008-01-01,,,5.63
Bulgaria,BGR,2010-01-01,,,4.38
Bulgaria,BGR,2011-01-01,,3.889474,4.38
Bulgaria,BGR,2012-01-01,,,4.38
Bulgaria,BGR,2013-01-01,,,4.38
Bulgaria,BGR,2014-01-01,,4.218,5.0
Bulgaria,BGR,2015-01-01,,4.217,5.0
Bulgaria,BGR,2016-01-01,,4.714,4.38
Bulgaria,BGR,2017-01-01,,4.9331,4.38
Bulgaria,BGR,2018-01-01,,5.011,4.38
Bulgaria,BGR,2019-01-01,,5.1015,4.38
Bulgaria,BGR,2020-01-01,,5.2655,4.38
Bulgaria,BGR,2021-01-01,,5.3709,4.38
Bulgaria,BGR,2022-01-01,,5.4661,4.38
Bulgaria,BGR,2023-01-01,,5.4627,4.38
Burkina Faso,BFA,2006-01-01,,,5.63
Burkina Faso,BFA,2008-01-01,,,5.0
Burkina Faso,BFA,2010-01-01,,,3.75
Burkina Faso,BFA,2011-01-01,,3.926028,3.75
Burkina Faso,BFA,2012-01-01,,,3.75
Burkina Faso,BFA,2013-01-01,,,5.0
Burkina Faso,BFA,2014-01-01,,3.587,5.0
Burkina Faso,BFA,2015-01-01,,3.739,5.63
Burkina Faso,BFA,2016-01-01,,4.032,5.63
Burkina Faso,BFA,2017-01-01,,4.4244,5.63
Burkina Faso,BFA,2018-01-01,,4.5868,5.63
Burkina Faso,BFA,2019-01-01,,4.7687,5.0
Burkina Faso,BFA,2020-01-01,,4.8338,5.0
Burkina Faso,BFA,2021-01-01,,4.6705,5.0
Burkina Faso,BFA,2022-01-01,,4.6376,4.38
Burkina Faso,BFA,2023-01-01,,4.548,3.75
Burundi,BDI,2006-01-01,,,6.25
Burundi,BDI,2008-01-01,,,6.25
Burundi,BDI,2010-01-01,,,5.63
Burundi,BDI,2011-01-01,,3.67756,5.63
Burundi,BDI,2012-01-01,,,5.0
Burundi,BDI,2013-01-01,,,5.0
Burundi,BDI,2014-01-01,,2.905,5.0
Burundi,BDI,2015-01-01,,2.905,5.0
Burundi,BDI,2016-01-01,,2.905,5.0
Burundi,BDI,2017-01-01,,2.9045,5.0
Burundi,BDI,2018-01-01,,3.7753,5.0
Burundi,BDI,2019-01-01,,3.7753,5.0
Burundi,BDI,2020-01-01,,3.7753,5.0
Burundi,BDI,2021-01-01,,,5.0
Burundi,BDI,2022-01-01,,,5.0
Burundi,BDI,2023-01-01,,,5.0
Cambodia,KHM,2006-01-01,,,5.0
Cambodia,KHM,2008-01-01,,,5.0
Cambodia,KHM,2010-01-01,,,5.0
Cambodia,KHM,2011-01-01,,4.100715,5.0
Cambodia,KHM,2012-01-01,,,5.63
Cambodia,KHM,2013-01-01,,,5.63
Cambodia,KHM,2014-01-01,,3.819,5.63
Cambodia,KHM,2015-01-01,,3.907,5.0
Cambodia,KHM,2016-01-01,,4.168,5.0
Cambodia,KHM,2017-01-01,,4.4326,5.63
Cambodia,KHM,2018-01-01,,4.6998,5.63
Cambodia,KHM,2019-01-01,,4.8484,5.63
Cambodia,KHM,2020-01-01,,4.8304,5.63
Cambodia,KHM,2021-01-01,,4.6403,5.63
Cambodia,KHM,2022-01-01,,4.3935,5.63
Cambodia,KHM,2023-01-01,,4.3407,5.0
Cameroon,CMR,2006-01-01,,,5.63
Cameroon,CMR,2008-01-01,,,5.0
Cameroon,CMR,2010-01-01,,,5.0
Cameroon,CMR,2011-01-01,,4.375735,5.0
Cameroon,CMR,2012-01-01,,,5.0
Cameroon,CMR,2013-01-01,,,5.0
Cameroon,CMR,2014-01-01,,4.252,5.0
Cameroon,CMR,2015-01-01,,4.513,5.0
Cameroon,CMR,2016-01-01,,4.695,4.38
Cameroon,CMR,2017-01-01,,4.9753,4.38
Cameroon,CMR,2018-01-01,,5.0437,4.38
Cameroon,CMR,2019-01-01,,5.0849,4.38
Cameroon,CMR,2020-01-01,,5.1418,4.38
Cameroon,CMR,2021-01-01,,5.0476,4.38
Cameroon,CMR,2022-01-01,,4.9732,4.38
Cameroon,CMR,2023-01-01,,4.8744,4.38
Canada,CAN,2006-01-01,,,8.75
Canada,CAN,2008-01-01,,,8.75
Canada,CAN,2010-01-01,,,8.75
Canada,CAN,2011-01-01,,7.499089,8.75
Canada,CAN,2012-01-01,,,8.75
Canada,CAN,2013-01-01,,,8.75
Canada,CAN,2014-01-01,,7.427,8.75
Canada,CAN,2015-01-01,,7.404,8.75
Canada,CAN,2016-01-01,,7.316,8.75
Canada,CAN,2017-01-01,,7.3285,8.75
Canada,CAN,2018-01-01,,7.2781,8.75
Canada,CAN,2019-01-01,,7.2321,9.38
Canada,CAN,2020-01-01,,7.1033,9.38
Canada,CAN,2021-01-01,,7.0251,8.13
Canada,CAN,2022-01-01,,6.9607,8.13
Canada,CAN,2023-01-01,,6.8996,7.5
Cape Verde,CPV,2006-01-01,,,6.88
Cape Verde,CPV,2008-01-01,,,6.25
Cape Verde,CPV,2010-01-01,,,6.88
Cape Verde,CPV,2011-01-01,,,6.25
Cape Verde,CPV,2012-01-01,,,6.25
Cape Verde,CPV,2013-01-01,,,6.25
Cape Verde,CPV,2014-01-01,,,6.25
Cape Verde,CPV,2015-01-01,,,6.25
Cape Verde,CPV,2016-01-01,,,6.88
Cape Verde,CPV,2017-01-01,,,6.88
Cape Verde,CPV,2018-01-01,,,6.88
Cape Verde,CPV,2019-01-01,,,6.88
Cape Verde,CPV,2020-01-01,,,6.88
Cape Verde,CPV,2021-01-01,,,6.88
Cape Verde,CPV,2022-01-01,,,6.88
Cape Verde,CPV,2023-01-01,,,6.88
Central African Republic,CAF,2006-01-01,,,1.88
Central African Republic,CAF,2008-01-01,,,1.88
Central African Republic,CAF,2010-01-01,,,2.5
Central African Republic,CAF,2011-01-01,,3.567892,2.5
Central African Republic,CAF,2012-01-01,,,2.5
Central African Republic,CAF,2013-01-01,,,2.5
Central African Republic,CAF,2014-01-01,,3.678,2.5
Central African Republic,CAF,2015-01-01,,,2.5
Central African Republic,CAF,2016-01-01,,2.693,2.5
Central African Republic,CAF,2017-01-01,,3.083,1.88
Central African Republic,CAF,2018-01-01,,3.083,1.88
Central African Republic,CAF,2019-01-01,,3.4759,1.88
Central African Republic,CAF,2020-01-01,,,1.88
Central African Republic,CAF,2021-01-01,,,1.88
Central African Republic,CAF,2022-01-01,,,1.88
Chad,TCD,2006-01-01,,,5.0
Chad,TCD,2008-01-01,,,4.38
Chad,TCD,2010-01-01,,,4.38
Chad,TCD,2011-01-01,,3.919401,3.75
Chad,TCD,2012-01-01,,,3.75
Chad,TCD,2013-01-01,,,3.75
Chad,TCD,2014-01-01,,3.667,3.75
Chad,TCD,2015-01-01,,3.763,3.75
Chad,TCD,2016-01-01,,3.936,3.75
Chad,TCD,2017-01-01,,4.3006,3.75
Chad,TCD,2018-01-01,,4.3495,3.75
Chad,TCD,2019-01-01,,4.4227,3.75
Chad,TCD,2020-01-01,,4.3554,3.75
Chad,TCD,2021-01-01,,4.2508,3.75
Chad,TCD,2022-01-01,,4.3966,3.75
Chad,TCD,2023-01-01,,4.4713,
Chile,CHL,2006-01-01,,,6.25
Chile,CHL,2008-01-01,,,6.25
Chile,CHL,2010-01-01,,,6.88
Chile,CHL,2011-01-01,,6.12797,6.25
Chile,CHL,2012-01-01,,,6.25
Chile,CHL,2013-01-01,,,6.88
Chile,CHL,2014-01-01,,6.67,6.88
Chile,CHL,2015-01-01,,6.705,6.88
Chile,CHL,2016-01-01,,6.652,6.88
Chile,CHL,2017-01-01,,6.4762,7.5
Chile,CHL,2018-01-01,,6.444,8.13
Chile,CHL,2019-01-01,,6.2285,8.13
Chile,CHL,2020-01-01,,6.1719,8.13
Chile,CHL,2021-01-01,,6.1718,7.5
Chile,CHL,2022-01-01,,6.3338,7.5
Chile,CHL,2023-01-01,,6.3603,6.88
China,CHN,2006-01-01,,,6.25
China,CHN,2008-01-01,,,6.25
China,CHN,2010-01-01,,,5.63
China,CHN,2011-01-01,,4.679718,5.63
China,CHN,2012-01-01,,,5.0
China,CHN,2013-01-01,,,5.0
China,CHN,2014-01-01,,5.14,5.0
China,CHN,2015-01-01,,5.245,6.25
China,CHN,2016-01-01,,5.273,6.25
China,CHN,2017-01-01,,5.2458,6.25
China,CHN,2018-01-01,,5.1909,6.25
China,CHN,2019-01-01,,5.1239,2.5
China,CHN,2020-01-01,,5.3391,3.13
China,CHN,2021-01-01,,5.5853,3.13
China,CHN,2022-01-01,,5.8179,3.13
China,CHN,2023-01-01,,5.9727,3.13
Colombia,COL,2006-01-01,,,4.38
Colombia,COL,2008-01-01,,,4.38
Colombia,COL,2010-01-01,,,3.75
Colombia,COL,2011-01-01,,6.202322,3.75
Colombia,COL,2012-01-01,,,3.75
Colombia,COL,2013-01-01,,,3.75
Colombia,COL,2014-01-01,,6.477,3.75
Colombia,COL,2015-01-01,,6.481,4.38
Colombia,COL,2016-01-01,,6.357,4.38
Colombia,COL,2017-01-01,,6.2601,5.0
Colombia,COL,2018-01-01,75.53,6.1248,5.63
Colombia,COL,2019-01-01,137.31,6.1634,5.63
Colombia,COL,2020-01-01,82.92,6.0124,5.0
Colombia,COL,2021-01-01,,5.7806,3.75
Colombia,COL,2022-01-01,,5.6304,3.75
Colombia,COL,2023-01-01,,5.6951,3.75
Comoros,COM,2006-01-01,,,5.63
Comoros,COM,2008-01-01,,,5.0
Comoros,COM,2010-01-01,,,3.75
Comoros,COM,2011-01-01,,3.700023,3.75
Comoros,COM,2012-01-01,,,3.75
Comoros,COM,2013-01-01,,,3.75
Comoros,COM,2014-01-01,,3.956,3.75
Comoros,COM,2015-01-01,,3.956,3.75
Comoros,COM,2016-01-01,,,3.75
Comoros,COM,2017-01-01,,,3.75
Comoros,COM,2018-01-01,,3.9728,3.75
Comoros,COM,2019-01-01,,4.2886,3.75
Comoros,COM,2020-01-01,,4.2886,3.75
Comoros,COM,2021-01-01,,4.6086,3.75
Comoros,COM,2022-01-01,,3.5452,3.75
Comoros,COM,2023-01-01,,3.5663,3.75
Congo,COG,2006-01-01,,,5.63
Congo,COG,2008-01-01,,,3.75
Congo,COG,2010-01-01,,,3.75
Congo,COG,2011-01-01,,3.819792,3.75
Congo,COG,2012-01-01,,,3.75
Congo,COG,2013-01-01,,,3.75
Congo,COG,2014-01-01,,3.989,3.75
Congo,COG,2015-01-01,,4.236,3.75
Congo,COG,2016-01-01,,4.291,3.75
Congo,COG,2017-01-01,,4.5587,3.75
Congo,COG,2018-01-01,,4.8115,3.75
Congo,COG,2019-01-01,,5.1944,3.75
Congo,COG,2020-01-01,,5.3417,3.75
Congo,COG,2021-01-01,,5.0752,3.75
Congo,COG,2022-01-01,,5.2671,3.75
Congo,COG,2023-01-01,,5.2215,3.75
Costa Rica,CRI,2006-01-01,,,6.88
Costa Rica,CRI,2008-01-01,,,6.88
Costa Rica,CRI,2010-01-01,,,6.88
Costa Rica,CRI,2011-01-01,,7.251115,6.88
Costa Rica,CRI,2012-01-01,,,6.88
Costa Rica,CRI,2013-01-01,,,6.88
Costa Rica,CRI,2014-01-01,,7.226,6.88
Costa Rica,CRI,2015-01-01,,7.087,6.88
Costa Rica,CRI,2016-01-01,,7.079,6.88
Costa Rica,CRI,2017-01-01,,7.0717,6.88
Costa Rica,CRI,2018-01-01,,7.1674,7.5
Costa Rica,CRI,2019-01-01,,7.1214,7.5
Costa Rica,CRI,2020-01-01,,7.0694,7.5
Costa Rica,CRI,2021-01-01,,6.582,6.88
Costa Rica,CRI,2022-01-01,,6.6085,6.88
Costa Rica,CRI,2023-01-01,,6.9554,6.88
Cote d'Ivoire,CIV,2006-01-01,,,5.63
Cote d'Ivoire,CIV,2008-01-01,,,5.63
Cote d'Ivoire,CIV,2010-01-01,,,5.63
Cote d'Ivoire,CIV,2011-01-01,,4.197182,5.63
Cote d'Ivoire,CIV,2012-01-01,,,5.63
Cote d'Ivoire,CIV,2013-01-01,,,5.63
Cote d'Ivoire,CIV,2014-01-01,,3.655,5.63
Cote d'Ivoire,CIV,2015-01-01,,3.916,5.63
Cote d'Ivoire,CIV,2016-01-01,,4.18,5.63
Cote d'Ivoire,CIV,2017-01-01,,4.6712,5.63
Cote d'Ivoire,CIV,2018-01-01,,4.9438,5.63
Cote d'Ivoire,CIV,2019-01-01,,5.2333,5.63
Cote d'Ivoire,CIV,2020-01-01,,5.306,5.63
Cote d'Ivoire,CIV,2021-01-01,,5.2346,5.63
Cote d'Ivoire,CIV,2022-01-01,,5.0527,5.63
Cote d'Ivoire,CIV,2023-01-01,,5.0801,5.63
Croatia,HRV,2006-01-01,,,5.63
Croatia,HRV,2008-01-01,,,5.63
Croatia,HRV,2010-01-01,,,5.0
Croatia,HRV,2011-01-01,,5.622628,5.0
Croatia,HRV,2012-01-01,,,5.63
Croatia,HRV,2013-01-01,,,5.63
Croatia,HRV,2014-01-01,,5.759,5.63
Croatia,HRV,2015-01-01,,5.488,5.63
Croatia,HRV,2016-01-01,,5.293,5.0
Croatia,HRV,2017-01-01,,5.3212,5.0
Croatia,HRV,2018-01-01,,5.4318,5.0
Croatia,HRV,2019-01-01,,5.5047,5.0
Croatia,HRV,2020-01-01,,5.8817,4.38
Croatia,HRV,2021-01-01,,6.1252,4.38
Croatia,HRV,2022-01-01,,6.125,4.38
Croatia,HRV,2023-01-01,,5.9423,4.38
Cuba,CUB,2006-01-01,,,4.38
Cuba,CUB,2008-01-01,,,4.38
Cuba,CUB,2010-01-01,,,4.38
Cuba,CUB,2011-01-01,,5.417868,4.38
Cuba,CUB,2012-01-01,,,4.38
Cuba,CUB,2013-01-01,,,4.38
Cuba,CUB,2014-01-01,,,4.38
Cuba,CUB,2015-01-01,,,4.38
Cuba,CUB,2016-01-01,,,4.38
Cuba,CUB,2017-01-01,,,4.38
Cuba,CUB,2018-01-01,,,4.38
Cuba,CUB,2019-01-01,,,4.38
Cuba,CUB,2020-01-01,,,4.38
Cuba,CUB,2021-01-01,,,3.75
Cuba,CUB,2022-01-01,,,3.75
Cuba,CUB,2023-01-01,,,3.75
Cyprus,CYP,2006-01-01,,,6.25
Cyprus,CYP,2008-01-01,,,7.5
Cyprus,CYP,2010-01-01,,,5.63
Cyprus,CYP,2011-01-01,,6.416459,5.63
Cyprus,CYP,2012-01-01,,,5.63
Cyprus,CYP,2013-01-01,,,5.63
Cyprus,CYP,2014-01-01,,5.689,5.63
Cyprus,CYP,2015-01-01,,5.546,6.25
Cyprus,CYP,2016-01-01,,5.621,6.88
Cyprus,CYP,2017-01-01,,5.7625,6.88
Cyprus,CYP,2018-01-01,,6.0458,6.88
Cyprus,CYP,2019-01-01,,6.159,6.88
Cyprus,CYP,2020-01-01,,6.2235,7.5
Cyprus,CYP,2021-01-01,,6.2209,6.88
Cyprus,CYP,2022-01-01,,6.13,6.88
Cyprus,CYP,2023-01-01,,6.0681,6.88
Czechia,CZE,2006-01-01,,,8.13
Czechia,CZE,2008-01-01,,,8.13
Czechia,CZE,2010-01-01,,,8.13
Czechia,CZE,2011-01-01,,6.35963,8.13
Czechia,CZE,2012-01-01,,,8.13
Czechia,CZE,2013-01-01,,,7.5
Czechia,CZE,2014-01-01,,6.505,6.88
Czechia,CZE,2015-01-01,,6.596,6.88
Czechia,CZE,2016-01-01,,6.609,6.88
Czechia,CZE,2017-01-01,,6.7109,6.88
Czechia,CZE,2018-01-01,177.92,6.8521,6.88
Czechia,CZE,2019-01-01,183.55,6.9109,6.88
Czechia,CZE,2020-01-01,172.07,6.9647,7.5
Czechia,CZE,2021-01-01,,6.9198,7.5
Czechia,CZE,2022-01-01,,6.8452,7.5
Czechia,CZE,2023-01-01,,6.8218,7.5
Democratic Republic of Congo,COD,2006-01-01,,,3.75
Democratic Republic of Congo,COD,2008-01-01,,,3.13
Democratic Republic of Congo,COD,2010-01-01,,,3.13
Democratic Republic of Congo,COD,2011-01-01,,3.983849,3.13
Democratic Republic of Congo,COD,2012-01-01,,,3.13
Democratic Republic of Congo,COD,2013-01-01,,,3.13
Democratic Republic of Congo,COD,2014-01-01,,4.517,3.13
Democratic Republic of Congo,COD,2015-01-01,,4.272,4.38
Democratic Republic of Congo,COD,2016-01-01,,4.28,4.38
Democratic Republic of Congo,COD,2017-01-01,,4.2449,3.75
Democratic Republic of Congo,COD,2018-01-01,,4.4181,3.13
Democratic Republic of Congo,COD,2019-01-01,,4.311,3.13
Democratic Republic of Congo,COD,2020-01-01,,,3.13
Democratic Republic of Congo,COD,2021-01-01,,,3.13
Democratic Republic of Congo,COD,2022-01-01,,3.2072,3.13
Democratic Republic of Congo,COD,2023-01-01,,3.2954,
Denmark,DNK,2006-01-01,,,9.38
Denmark,DNK,2008-01-01,,,9.38
Denmark,DNK,2010-01-01,,,9.38
Denmark,DNK,2011-01-01,,7.85574,9.38
Denmark,DNK,2012-01-01,,,9.38
Denmark,DNK,2013-01-01,,,9.38
Denmark,DNK,2014-01-01,,7.527,9.38
Denmark,DNK,2015-01-01,,7.526,9.38
Denmark,DNK,2016-01-01,,7.522,9.38
Denmark,DNK,2017-01-01,,7.5553,9.38
Denmark,DNK,2018-01-01,,7.6001,9.38
Denmark,DNK,2019-01-01,227.89,7.6456,9.38
Denmark,DNK,2020-01-01,221.08,7.6195,9.38
Denmark,DNK,2021-01-01,217.99,7.6362,9.38
Denmark,DNK,2022-01-01,,7.5864,9.38
Denmark,DNK,2023-01-01,,7.5827,9.38
Djibouti,DJI,2006-01-01,,,5.0
Djibouti,DJI,2008-01-01,,,5.0
Djibouti,DJI,2010-01-01,,,5.0
Djibouti,DJI,2011-01-01,,4.956731,5.63
Djibouti,DJI,2012-01-01,,,5.63
Djibouti,DJI,2013-01-01,,,5.63
Djibouti,DJI,2014-01-01,,4.369,5.63
Djibouti,DJI,2015-01-01,,,5.63
Djibouti,DJI,2016-01-01,,,5.63
Djibouti,DJI,2017-01-01,,,5.63
Djibouti,DJI,2018-01-01,,,5.63
Djibouti,DJI,2019-01-01,,,5.63
Djibouti,DJI,2020-01-01,,,5.63
Djibouti,DJI,2021-01-01,,,5.63
Djibouti,DJI,2022-01-01,,,5.63
Djibouti,DJI,2023-01-01,,,5.63
Dominican Republic,DOM,2006-01-01,,,5.63
Dominican Republic,DOM,2008-01-01,,,5.63
Dominican Republic,DOM,2010-01-01,,,6.25
Dominican Republic,DOM,2011-01-01,,5.036006,6.25
Dominican Republic,DOM,2012-01-01,,,6.25
Dominican Republic,DOM,2013-01-01,,,6.25
Dominican Republic,DOM,2014-01-01,,4.885,6.25
Dominican Republic,DOM,2015-01-01,,5.155,6.25
Dominican Republic,DOM,2016-01-01,,5.23,6.25
Dominican Republic,DOM,2017-01-01,,5.3018,5.63
Dominican Republic,DOM,2018-01-01,,5.4253,5.0
Dominican Republic,DOM,2019-01-01,,5.6892,5.0
Dominican Republic,DOM,2020-01-01,,5.5451,5.0
Dominican Republic,DOM,2021-01-01,,5.7372,4.38
Dominican Republic,DOM,2022-01-01,,5.5689,3.13
Dominican Republic,DOM,2023-01-01,,5.8228,3.13
East Timor,TLS,2006-01-01,,,6.25
East Timor,TLS,2008-01-01,,,6.88
East Timor,TLS,2010-01-01,,,6.88
East Timor,TLS,2011-01-01,,,6.88
East Timor,TLS,2012-01-01,,,6.88
East Timor,TLS,2013-01-01,,,6.88
East Timor,TLS,2014-01-01,,,6.88
East Timor,TLS,2015-01-01,,,6.88
East Timor,TLS,2016-01-01,,,6.88
East Timor,TLS,2017-01-01,,,6.88
East Timor,TLS,2018-01-01,,,6.88
East Timor,TLS,2019-01-01,,,6.88
East Timor,TLS,2020-01-01,,,6.88
East Timor,TLS,2021-01-01,,,6.88
East Timor,TLS,2022-01-01,,,6.88
East Timor,TLS,2023-01-01,,,6.88
Ecuador,ECU,2006-01-01,,,3.13
Ecuador,ECU,2008-01-01,,,3.13
Ecuador,ECU,2010-01-01,,,3.75
Ecuador,ECU,2011-01-01,,5.424841,3.75
Ecuador,ECU,2012-01-01,,,4.38
Ecuador,ECU,2013-01-01,,,4.38
Ecuador,ECU,2014-01-01,,5.975,4.38
Ecuador,ECU,2015-01-01,,5.976,4.38
Ecuador,ECU,2016-01-01,,6.008,4.38
Ecuador,ECU,2017-01-01,,5.9732,4.38
Ecuador,ECU,2018-01-01,,6.0276,4.38
Ecuador,ECU,2019-01-01,26.25,5.9252,4.38
Ecuador,ECU,2020-01-01,27.65,5.764,3.75
Ecuador,ECU,2021-01-01,26.94,5.5333,2.5
Ecuador,ECU,2022-01-01,,5.5589,1.88
Ecuador,ECU,2023-01-01,,5.7245,1.88
Egypt,EGY,2006-01-01,,,6.88
Egypt,EGY,2008-01-01,,,5.0
Egypt,EGY,2010-01-01,,,5.0
Egypt,EGY,2011-01-01,,4.8534,5.63
Egypt,EGY,2012-01-01,,,5.63
Egypt,EGY,2013-01-01,,,3.75
Egypt,EGY,2014-01-01,,4.194,3.13
Egypt,EGY,2015-01-01,,4.362,3.75
Egypt,EGY,2016-01-01,,4.735,3.75
Egypt,EGY,2017-01-01,,4.4192,3.75
Egypt,EGY,2018-01-01,,4.1655,3.75
Egypt,EGY,2019-01-01,,4.1514,3.75
Egypt,EGY,2020-01-01,,4.2827,5.0
Egypt,EGY,2021-01-01,,4.2877,5.0
Egypt,EGY,2022-01-01,,4.1705,5.0
Egypt,EGY,2023-01-01,,3.9766,5.0
El Salvador,SLV,2006-01-01,,,4.38
El Salvador,SLV,2008-01-01,,,5.0
El Salvador,SLV,2010-01-01,,,5.0
El Salvador,SLV,2011-01-01,,5.955841,5.0
El Salvador,SLV,2012-01-01,,,5.0
El Salvador,SLV,2013-01-01,,,5.0
El Salvador,SLV,2014-01-01,,6.13,5.0
El Salvador,SLV,2015-01-01,,6.068,5.0
El Salvador,SLV,2016-01-01,,6.003,5.0
El Salvador,SLV,2017-01-01,,6.1668,5.0
El Salvador,SLV,2018-01-01,,6.2531,3.75
El Salvador,SLV,2019-01-01,,6.3483,3.75
El Salvador,SLV,2020-01-01,,6.0605,3.75
El Salvador,SLV,2021-01-01,,6.12,3.75
El Salvador,SLV,2022-01-01,,6.1216,3.13
El Salvador,SLV,2023-01-01,,6.4687,3.13
Equatorial Guinea,GNQ,2006-01-01,,,5.0
Equatorial Guinea,GNQ,2008-01-01,,,4.38
Equatorial Guinea,GNQ,2010-01-01,,,5.0
Equatorial Guinea,GNQ,2011-01-01,,,4.38
Equatorial Guinea,GNQ,2012-01-01,,,4.38
Equatorial Guinea,GNQ,2013-01-01,,,4.38
Equatorial Guinea,GNQ,2014-01-01,,,4.38
Equatorial Guinea,GNQ,2015-01-01,,,4.38
Equatorial Guinea,GNQ,2016-01-01,,,4.38
Equatorial Guinea,GNQ,2017-01-01,,,4.38
Equatorial Guinea,GNQ,2018-01-01,,,4.38
Equatorial Guinea,GNQ,2019-01-01,,,4.38
Equatorial Guinea,GNQ,2020-01-01,,,4.38
Equatorial Guinea,GNQ,2021-01-01,,,4.38
Equatorial Guinea,GNQ,2022-01-01,,,4.38
Eritrea,ERI,2006-01-01,,,6.25
Eritrea,ERI,2008-01-01,,,6.25
Eritrea,ERI,2010-01-01,,,6.25
Eritrea,ERI,2011-01-01,,,6.25
Eritrea,ERI,2012-01-01,,,6.88
Eritrea,ERI,2013-01-01,,,6.88
Eritrea,ERI,2014-01-01,,,6.88
Eritrea,ERI,2015-01-01,,,6.88
Eritrea,ERI,2016-01-01,,,6.88
Eritrea,ERI,2017-01-01,,,6.88
Eritrea,ERI,2018-01-01,,,6.88
Eritrea,ERI,2019-01-01,,,6.88
Eritrea,ERI,2020-01-01,,,6.88
Eritrea,ERI,2021-01-01,,,6.88
Eritrea,ERI,2022-01-01,,,6.88
Estonia,EST,2006-01-01,,,7.5
Estonia,EST,2008-01-01,,,7.5
Estonia,EST,2010-01-01,,,7.5
Estonia,EST,2011-01-01,,5.329978,7.5
Estonia,EST,2012-01-01,,,7.5
Estonia,EST,2013-01-01,,,7.5
Estonia,EST,2014-01-01,,5.429,6.88
Estonia,EST,2015-01-01,,5.517,6.88
Estonia,EST,2016-01-01,,5.611,6.88
Estonia,EST,2017-01-01,,5.7392,6.88
Estonia,EST,2018-01-01,,5.8935,6.88
Estonia,EST,2019-01-01,,6.0218,6.88
Estonia,EST,2020-01-01,,6.1888,6.88
Estonia,EST,2021-01-01,,6.3408,6.88
Estonia,EST,2022-01-01,,6.4552,6.88
Estonia,EST,2023-01-01,,6.4477,6.88
Eswatini,SWZ,2006-01-01,,,3.13
Eswatini,SWZ,2008-01-01,,,4.38
Eswatini,SWZ,2010-01-01,,,4.38
Eswatini,SWZ,2011-01-01,,,5.63
Eswatini,SWZ,2012-01-01,,,5.63
Eswatini,SWZ,2013-01-01,,,5.63
Eswatini,SWZ,2014-01-01,,4.867,5.63
Eswatini,SWZ,2015-01-01,,,5.63
Eswatini,SWZ,2016-01-01,,,5.63
Eswatini,SWZ,2017-01-01,,,5.63
Eswatini,SWZ,2018-01-01,,4.2116,5.63
Eswatini,SWZ,2019-01-01,,4.3081,5.63
Eswatini,SWZ,2020-01-01,,4.3081,5.63
Eswatini,SWZ,2021-01-01,,4.3961,5.63
Eswatini,SWZ,2022-01-01,,,5.63
Eswatini,SWZ,2023-01-01,,3.502,5.63
Ethiopia,ETH,2006-01-01,,,6.25
Ethiopia,ETH,2008-01-01,,,6.25
Ethiopia,ETH,2010-01-01,,,5.63
Ethiopia,ETH,2011-01-01,,4.064207,5.63
Ethiopia,ETH,2012-01-01,,,5.63
Ethiopia,ETH,2013-01-01,,,5.63
Ethiopia,ETH,2014-01-01,,4.512,5.63
Ethiopia,ETH,2015-01-01,,4.508,5.63
Ethiopia,ETH,2016-01-01,,4.46,5.63
Ethiopia,ETH,2017-01-01,,4.3502,5.63
Ethiopia,ETH,2018-01-01,,4.2858,5.0
Ethiopia,ETH,2019-01-01,,4.1862,5.0
Ethiopia,ETH,2020-01-01,,4.2747,5.0
Ethiopia,ETH,2021-01-01,,4.2415,5.0
Ethiopia,ETH,2022-01-01,,4.0906,5.0
Ethiopia,ETH,2023-01-01,,3.8609,5.63
Europe,,2011-01-01,,6.1283507,
Europe,,2014-01-01,,6.1012,
Europe,,2015-01-01,,6.1376896,
Europe,,2016-01-01,,6.1653714,
Europe,,2017-01-01,,6.179738,
Europe,,2018-01-01,,6.2405405,
Europe,,2019-01-01,,6.301604,
Europe,,2020-01-01,,6.336716,
Europe,,2021-01-01,,6.3388677,
Europe,,2022-01-01,,6.3572164,
Europe,,2023-01-01,,6.3437443,
Fiji,FJI,2006-01-01,,,5.0
Fiji,FJI,2008-01-01,,,5.0
Fiji,FJI,2010-01-01,,,5.0
Fiji,FJI,2011-01-01,,,5.0
Fiji,FJI,2012-01-01,,,5.0
Fiji,FJI,2013-01-01,,,5.0
Fiji,FJI,2014-01-01,,,5.63
Fiji,FJI,2015-01-01,,,5.63
Fiji,FJI,2016-01-01,,,5.63
Fiji,FJI,2017-01-01,,,5.63
Fiji,FJI,2018-01-01,,,5.63
Fiji,FJI,2019-01-01,,,5.63
Fiji,FJI,2020-01-01,,,5.63
Fiji,FJI,2021-01-01,,,5.63
Fiji,FJI,2022-01-01,,,5.63
Fiji,FJI,2023-01-01,,,5.63
Finland,FIN,2006-01-01,,,8.75
Finland,FIN,2008-01-01,,,8.75
Finland,FIN,2010-01-01,,,9.38
Finland,FIN,2011-01-01,,7.579009,8.75
Finland,FIN,2012-01-01,,,8.75
Finland,FIN,2013-01-01,,,8.75
Finland,FIN,2014-01-01,,7.406,8.75
Finland,FIN,2015-01-01,,7.413,8.75
Finland,FIN,2016-01-01,,7.469,8.75
Finland,FIN,2017-01-01,197.35,7.6321,8.75
Finland,FIN,2018-01-01,201.86,7.7689,8.75
Finland,FIN,2019-01-01,209.27,7.8087,8.75
Finland,FIN,2020-01-01,225.67,7.8421,8.75
Finland,FIN,2021-01-01,,7.821,8.75
Finland,FIN,2022-01-01,,7.8042,8.75
Finland,FIN,2023-01-01,,7.7407,9.38
France,FRA,2006-01-01,,,7.5
France,FRA,2008-01-01,,,7.5
France,FRA,2010-01-01,,,7.5
France,FRA,2011-01-01,,6.746459,7.5
France,FRA,2012-01-01,,,7.5
France,FRA,2013-01-01,,,7.5
France,FRA,2014-01-01,,6.575,6.88
France,FRA,2015-01-01,,6.478,6.25
France,FRA,2016-01-01,,6.442,6.25
France,FRA,2017-01-01,,6.4893,5.63
France,FRA,2018-01-01,117.49,6.5921,5.63
France,FRA,2019-01-01,139.53,6.6638,6.88
France,FRA,2020-01-01,161.11,6.6899,6.88
France,FRA,2021-01-01,,6.6867,6.88
France,FRA,2022-01-01,,6.6613,6.88
France,FRA,2023-01-01,,6.609,6.88
Gabon,GAB,2006-01-01,,,5.63
Gabon,GAB,2008-01-01,,,4.38
Gabon,GAB,2010-01-01,,,4.38
Gabon,GAB,2011-01-01,,,5.0
Gabon,GAB,2012-01-01,,,5.0
Gabon,GAB,2013-01-01,,,5.0
Gabon,GAB,2014-01-01,,3.896,5.0
Gabon,GAB,2015-01-01,,4.121,5.0
Gabon,GAB,2016-01-01,,4.465,5.63
Gabon,GAB,2017-01-01,,4.7583,5.0
Gabon,GAB,2018-01-01,,4.7992,5.0
Gabon,GAB,2019-01-01,,4.8293,5.0
Gabon,GAB,2020-01-01,,4.8518,5.0
Gabon,GAB,2021-01-01,,4.9583,5.0
Gabon,GAB,2022-01-01,,5.0347,5.0
Gabon,GAB,2023-01-01,,5.1063,3.75
Gambia,GMB,2006-01-01,,,5.63
Gambia,GMB,2008-01-01,,,5.63
Gambia,GMB,2010-01-01,,,5.0
Gambia,GMB,2011-01-01,,,5.0
Gambia,GMB,2012-01-01,,,5.0
Gambia,GMB,2013-01-01,,,5.0
Gambia,GMB,2014-01-01,,,5.0
Gambia,GMB,2015-01-01,,,5.0
Gambia,GMB,2016-01-01,,,5.0
Gambia,GMB,2017-01-01,,,5.63
Gambia,GMB,2018-01-01,,4.5163,5.63
Gambia,GMB,2019-01-01,,4.7506,5.63
Gambia,GMB,2020-01-01,,5.051,5.63
Gambia,GMB,2021-01-01,,5.1636,5.63
Gambia,GMB,2022-01-01,,4.2794,5.63
Gambia,GMB,2023-01-01,,4.4849,5.63
Georgia,GEO,2006-01-01,,,5.0
Georgia,GEO,2008-01-01,,,4.38
Georgia,GEO,2010-01-01,,,3.75
Georgia,GEO,2011-01-01,,3.892324,4.38
Georgia,GEO,2012-01-01,,,5.0
Georgia,GEO,2013-01-01,,,5.0
Georgia,GEO,2014-01-01,,4.297,4.38
Georgia,GEO,2015-01-01,,4.252,5.0
Georgia,GEO,2016-01-01,,4.286,5.0
Georgia,GEO,2017-01-01,,4.3405,5.0
Georgia,GEO,2018-01-01,,4.5191,4.38
Georgia,GEO,2019-01-01,,4.6726,4.38
Georgia,GEO,2020-01-01,9.2,4.8914,3.75
Georgia,GEO,2021-01-01,15.6,4.9732,3.75
Georgia,GEO,2022-01-01,,5.1091,3.75
Georgia,GEO,2023-01-01,,5.1847,3.75
Germany,DEU,2006-01-01,,,8.75
Germany,DEU,2008-01-01,,,8.75
Germany,DEU,2010-01-01,,,8.13
Germany,DEU,2011-01-01,,6.572111,8.13
Germany,DEU,2012-01-01,,,8.13
Germany,DEU,2013-01-01,,,8.13
Germany,DEU,2014-01-01,,6.75,8.13
Germany,DEU,2015-01-01,,6.994,8.13
Germany,DEU,2016-01-01,,6.951,7.5
Germany,DEU,2017-01-01,,6.9647,7.5
Germany,DEU,2018-01-01,,6.985,7.5
Germany,DEU,2019-01-01,,7.0758,7.5
Germany,DEU,2020-01-01,,7.1545,8.13
Germany,DEU,2021-01-01,,7.0341,8.13
Germany,DEU,2022-01-01,,6.8918,8.13
Germany,DEU,2023-01-01,,6.7185,8.13
Ghana,GHA,2006-01-01,,,4.38
Ghana,GHA,2008-01-01,,,4.38
Ghana,GHA,2010-01-01,,,5.0
Ghana,GHA,2011-01-01,,4.704951,5.0
Ghana,GHA,2012-01-01,,,5.0
Ghana,GHA,2013-01-01,,,5.63
Ghana,GHA,2014-01-01,,4.633,5.63
Ghana,GHA,2015-01-01,,4.276,6.25
Ghana,GHA,2016-01-01,,4.12,6.25
Ghana,GHA,2017-01-01,,4.657,6.25
Ghana,GHA,2018-01-01,,4.9963,6.25
Ghana,GHA,2019-01-01,,5.148,6.25
Ghana,GHA,2020-01-01,,5.0884,6.25
Ghana,GHA,2021-01-01,,4.872,6.25
Ghana,GHA,2022-01-01,,4.605,6.25
Ghana,GHA,2023-01-01,,4.2894,5.63
Greece,GRC,2006-01-01,,,7.5
Greece,GRC,2008-01-01,,,7.5
Greece,GRC,2010-01-01,,,7.5
Greece,GRC,2011-01-01,,6.132965,6.88
Greece,GRC,2012-01-01,,,6.88
Greece,GRC,2013-01-01,,,6.88
Greece,GRC,2014-01-01,,4.857,6.25
Greece,GRC,2015-01-01,,5.033,6.25
Greece,GRC,2016-01-01,,5.227,6.25
Greece,GRC,2017-01-01,,5.3579,6.88
Greece,GRC,2018-01-01,,5.2867,6.88
Greece,GRC,2019-01-01,,5.515,7.5
Greece,GRC,2020-01-01,10.98,5.7226,7.5
Greece,GRC,2021-01-01,,5.9482,7.5
Greece,GRC,2022-01-01,,5.9309,7.5
Greece,GRC,2023-01-01,,5.9336,7.5
Guatemala,GTM,2006-01-01,,,4.38
Guatemala,GTM,2008-01-01,,,4.38
Guatemala,GTM,2010-01-01,,,4.38
Guatemala,GTM,2011-01-01,,6.276682,4.38
Guatemala,GTM,2012-01-01,,,4.38
Guatemala,GTM,2013-01-01,,,4.38
Guatemala,GTM,2014-01-01,,6.123,4.38
Guatemala,GTM,2015-01-01,,6.324,4.38
Guatemala,GTM,2016-01-01,,6.454,4.38
Guatemala,GTM,2017-01-01,,6.3819,5.0
Guatemala,GTM,2018-01-01,,6.4362,4.38
Guatemala,GTM,2019-01-01,,6.3989,4.38
Guatemala,GTM,2020-01-01,,6.4345,3.13
Guatemala,GTM,2021-01-01,,6.2622,2.5
Guatemala,GTM,2022-01-01,,6.1503,2.5
Guatemala,GTM,2023-01-01,,6.287,1.88
Guinea,GIN,2006-01-01,,,3.75
Guinea,GIN,2008-01-01,,,3.75
Guinea,GIN,2010-01-01,,,3.75
Guinea,GIN,2011-01-01,,4.170938,3.75
Guinea,GIN,2012-01-01,,,3.75
Guinea,GIN,2013-01-01,,,3.75
Guinea,GIN,2014-01-01,,3.656,3.75
Guinea,GIN,2015-01-01,,3.607,4.38
Guinea,GIN,2016-01-01,,3.507,4.38
Guinea,GIN,2017-01-01,,3.9641,4.38
Guinea,GIN,2018-01-01,,4.5344,4.38
Guinea,GIN,2019-01-01,,4.9493,4.38
Guinea,GIN,2020-01-01,,4.9843,4.38
Guinea,GIN,2021-01-01,,4.8905,3.75
Guinea,GIN,2022-01-01,,5.0717,4.38
Guinea,GIN,2023-01-01,,5.0233,4.38
Guinea-Bissau,GNB,2006-01-01,,,1.88
Guinea-Bissau,GNB,2008-01-01,,,1.88
Guinea-Bissau,GNB,2010-01-01,,,1.88
Guinea-Bissau,GNB,2011-01-01,,,1.88
Guinea-Bissau,GNB,2012-01-01,,,1.88
Guinea-Bissau,GNB,2013-01-01,,,1.88
Guinea-Bissau,GNB,2014-01-01,,,3.13
Guinea-Bissau,GNB,2015-01-01,,,3.13
Guinea-Bissau,GNB,2016-01-01,,,3.13
Guinea-Bissau,GNB,2017-01-01,,,3.13
Guinea-Bissau,GNB,2018-01-01,,,3.13
Guinea-Bissau,GNB,2019-01-01,,,3.13
Guinea-Bissau,GNB,2020-01-01,,,3.13
Guinea-Bissau,GNB,2021-01-01,,,3.13
Guinea-Bissau,GNB,2022-01-01,,,3.13
Guinea-Bissau,GNB,2023-01-01,,,3.13
Guyana,GUY,2006-01-01,,,4.38
Guyana,GUY,2008-01-01,,,4.38
Guyana,GUY,2010-01-01,,,4.38
Guyana,GUY,2011-01-01,,5.992826,4.38
Guyana,GUY,2012-01-01,,,4.38
Guyana,GUY,2013-01-01,,,4.38
Guyana,GUY,2014-01-01,,,4.38
Guyana,GUY,2015-01-01,,,4.38
Guyana,GUY,2016-01-01,,,4.38
Guyana,GUY,2017-01-01,,,4.38
Guyana,GUY,2018-01-01,,,5.0
Guyana,GUY,2019-01-01,,,5.0
Guyana,GUY,2020-01-01,,,5.0
Guyana,GUY,2021-01-01,,,5.63
Guyana,GUY,2022-01-01,,,5.0
Guyana,GUY,2023-01-01,,,5.0
Haiti,HTI,2006-01-01,,,2.5
Haiti,HTI,2008-01-01,,,2.5
Haiti,HTI,2010-01-01,,,3.75
Haiti,HTI,2011-01-01,,3.788652,3.75
Haiti,HTI,2012-01-01,,,3.75
Haiti,HTI,2013-01-01,,,3.75
Haiti,HTI,2014-01-01,,4.518,3.13
Haiti,HTI,2015-01-01,,4.028,3.75
Haiti,HTI,2016-01-01,,3.603,3.75
Haiti,HTI,2017-01-01,,3.582,4.38
Haiti,HTI,2018-01-01,,3.5969,6.25
Haiti,HTI,2019-01-01,,3.7208,6.25
Haiti,HTI,2020-01-01,,3.6149,6.25
Haiti,HTI,2021-01-01,,,6.25
Haiti,HTI,2022-01-01,,,6.25
Haiti,HTI,2023-01-01,,,6.25
High-income countries,,2011-01-01,,6.681568,
High-income countries,,2014-01-01,,6.59463,
High-income countries,,2015-01-01,,6.595337,
High-income countries,,2016-01-01,,6.568685,
High-income countries,,2017-01-01,,6.565491,
High-income countries,,2018-01-01,,6.6075864,
High-income countries,,2019-01-01,,6.652634,
High-income countries,,2020-01-01,,6.674525,
High-income countries,,2021-01-01,,6.685782,
High-income countries,,2022-01-01,,6.6512623,
High-income countries,,2023-01-01,,6.5821767,
Honduras,HND,2006-01-01,,,5.0
Honduras,HND,2008-01-01,,,5.0
Honduras,HND,2010-01-01,,,4.38
Honduras,HND,2011-01-01,,5.564011,4.38
Honduras,HND,2012-01-01,,,4.38
Honduras,HND,2013-01-01,,,4.38
Honduras,HND,2014-01-01,,4.788,4.38
Honduras,HND,2015-01-01,,4.871,4.38
Honduras,HND,2016-01-01,,5.181,4.38
Honduras,HND,2017-01-01,,5.504,4.38
Honduras,HND,2018-01-01,,5.8604,4.38
Honduras,HND,2019-01-01,,5.9532,4.38
Honduras,HND,2020-01-01,,5.9192,4.38
Honduras,HND,2021-01-01,,6.0221,2.5
Honduras,HND,2022-01-01,,6.0225,2.5
Honduras,HND,2023-01-01,,5.9684,2.5
Hong Kong,HKG,2006-01-01,,,6.25
Hong Kong,HKG,2008-01-01,,,5.63
Hong Kong,HKG,2010-01-01,,,6.88
Hong Kong,HKG,2011-01-01,,5.423889,6.88
Hong Kong,HKG,2012-01-01,,,6.88
Hong Kong,HKG,2013-01-01,,,6.88
Hong Kong,HKG,2014-01-01,,5.474,6.88
Hong Kong,HKG,2015-01-01,,5.458,7.5
Hong Kong,HKG,2016-01-01,,5.472,7.5
Hong Kong,HKG,2017-01-01,,5.4304,7.5
Hong Kong,HKG,2018-01-01,,5.4304,7.5
Hong Kong,HKG,2019-01-01,,5.5104,7.5
Hong Kong,HKG,2020-01-01,,5.4767,7.5
Hong Kong,HKG,2021-01-01,,5.4248,7.5
Hong Kong,HKG,2022-01-01,,5.3085,6.88
Hong Kong,HKG,2023-01-01,,5.3164,6.88
Hungary,HUN,2006-01-01,,,6.88
Hungary,HUN,2008-01-01,,,6.88
Hungary,HUN,2010-01-01,,,6.88
Hungary,HUN,2011-01-01,,4.942787,6.88
Hungary,HUN,2012-01-01,,,6.88
Hungary,HUN,2013-01-01,,,6.88
Hungary,HUN,2014-01-01,,4.8,6.88
Hungary,HUN,2015-01-01,,5.145,6.88
Hungary,HUN,2016-01-01,,5.324,6.88
Hungary,HUN,2017-01-01,,5.62,6.88
Hungary,HUN,2018-01-01,,5.7583,6.25
Hungary,HUN,2019-01-01,,6.0004,6.25
Hungary,HUN,2020-01-01,,5.9916,6.25
Hungary,HUN,2021-01-01,,6.0859,6.25
Hungary,HUN,2022-01-01,,6.0412,6.88
Hungary,HUN,2023-01-01,,6.0169,6.88
Iceland,ISL,2006-01-01,,,10.0
Iceland,ISL,2008-01-01,,,10.0
Iceland,ISL,2010-01-01,,,10.0
Iceland,ISL,2011-01-01,,6.888284,10.0
Iceland,ISL,2012-01-01,,,10.0
Iceland,ISL,2013-01-01,,,10.0
Iceland,ISL,2014-01-01,,7.561,10.0
Iceland,ISL,2015-01-01,,7.501,10.0
Iceland,ISL,2016-01-01,,7.504,10.0
Iceland,ISL,2017-01-01,,7.4952,10.0
Iceland,ISL,2018-01-01,,7.4936,10.0
Iceland,ISL,2019-01-01,,7.5045,10.0
Iceland,ISL,2020-01-01,,7.5539,10.0
Iceland,ISL,2021-01-01,,7.5575,9.38
Iceland,ISL,2022-01-01,,7.5296,9.38
Iceland,ISL,2023-01-01,,7.5251,9.38
India,IND,2006-01-01,,,5.63
India,IND,2008-01-01,,,6.25
India,IND,2010-01-01,,,4.38
India,IND,2011-01-01,,4.974501,5.0
India,IND,2012-01-01,,,5.0
India,IND,2013-01-01,,,5.63
India,IND,2014-01-01,,4.565,6.25
India,IND,2015-01-01,,4.404,5.63
India,IND,2016-01-01,,4.315,5.63
India,IND,2017-01-01,,4.1898,5.63
India,IND,2018-01-01,,4.0152,5.63
India,IND,2019-01-01,,3.5733,5.63
India,IND,2020-01-01,,3.8189,5.0
India,IND,2021-01-01,,3.7771,5.0
India,IND,2022-01-01,,4.0358,5.63
India,IND,2023-01-01,,4.0541,6.25
Indonesia,IDN,2006-01-01,,,6.25
Indonesia,IDN,2008-01-01,,,6.25
Indonesia,IDN,2010-01-01,,,5.63
Indonesia,IDN,2011-01-01,,5.158751,5.63
Indonesia,IDN,2012-01-01,,,5.63
Indonesia,IDN,2013-01-01,,,6.25
Indonesia,IDN,2014-01-01,,5.399,6.25
Indonesia,IDN,2015-01-01,,5.314,6.25
Indonesia,IDN,2016-01-01,,5.262,6.25
Indonesia,IDN,2017-01-01,,5.0926,5.63
Indonesia,IDN,2018-01-01,,5.1924,5.63
Indonesia,IDN,2019-01-01,,5.2856,5.63
Indonesia,IDN,2020-01-01,,5.3445,4.38
Indonesia,IDN,2021-01-01,,5.2396,4.38
Indonesia,IDN,2022-01-01,,5.2769,4.38
Indonesia,IDN,2023-01-01,,5.5683,4.38
Iran,IRN,2006-01-01,,,5.63
Iran,IRN,2008-01-01,,,5.0
Iran,IRN,2010-01-01,,,2.5
Iran,IRN,2011-01-01,,5.149403,2.5
Iran,IRN,2012-01-01,,,2.5
Iran,IRN,2013-01-01,,,2.5
Iran,IRN,2014-01-01,,4.686,2.5
Iran,IRN,2015-01-01,,4.813,3.13
Iran,IRN,2016-01-01,,4.692,3.13
Iran,IRN,2017-01-01,,4.7066,3.13
Iran,IRN,2018-01-01,,4.548,3.13
Iran,IRN,2019-01-01,,4.6724,3.13
Iran,IRN,2020-01-01,,4.7212,3.13
Iran,IRN,2021-01-01,,4.8879,1.88
Iran,IRN,2022-01-01,,4.8763,2.5
Iran,IRN,2023-01-01,,4.9228,
Iraq,IRQ,2006-01-01,,,5.63
Iraq,IRQ,2008-01-01,,,4.38
Iraq,IRQ,2010-01-01,,,3.75
Iraq,IRQ,2011-01-01,,4.881612,3.75
Iraq,IRQ,2012-01-01,,,3.75
Iraq,IRQ,2013-01-01,,,3.75
Iraq,IRQ,2014-01-01,,4.677,4.38
Iraq,IRQ,2015-01-01,,4.575,4.38
Iraq,IRQ,2016-01-01,,4.497,4.38
Iraq,IRQ,2017-01-01,,4.4556,5.0
Iraq,IRQ,2018-01-01,,4.4372,5.0
Iraq,IRQ,2019-01-01,,4.7848,5.0
Iraq,IRQ,2020-01-01,,4.8541,5.0
Iraq,IRQ,2021-01-01,,4.9409,5.0
Iraq,IRQ,2022-01-01,,4.9409,3.13
Iraq,IRQ,2023-01-01,,5.166,1.88
Ireland,IRL,2006-01-01,,,8.75
Ireland,IRL,2008-01-01,,,8.75
Ireland,IRL,2010-01-01,,,8.75
Ireland,IRL,2011-01-01,,7.284488,8.13
Ireland,IRL,2012-01-01,,,8.13
Ireland,IRL,2013-01-01,,,8.75
Ireland,IRL,2014-01-01,,6.94,8.75
Ireland,IRL,2015-01-01,,6.907,9.38
Ireland,IRL,2016-01-01,,6.977,10.0
Ireland,IRL,2017-01-01,,6.9771,10.0
Ireland,IRL,2018-01-01,,7.0211,10.0
Ireland,IRL,2019-01-01,,7.0937,10.0
Ireland,IRL,2020-01-01,,7.0853,9.38
Ireland,IRL,2021-01-01,,7.0408,9.38
Ireland,IRL,2022-01-01,,6.9108,10.0
Ireland,IRL,2023-01-01,,6.838,10.0
Israel,ISR,2006-01-01,,,7.5
Israel,ISR,2008-01-01,,,7.5
Israel,ISR,2010-01-01,,,7.5
Israel,ISR,2011-01-01,,7.198713,7.5
Israel,ISR,2012-01-01,,,7.5
Israel,ISR,2013-01-01,,,7.5
Israel,ISR,2014-01-01,,7.278,7.5
Israel,ISR,2015-01-01,,7.267,7.5
Israel,ISR,2016-01-01,,7.213,7.5
Israel,ISR,2017-01-01,,7.19,7.5
Israel,ISR,2018-01-01,,7.1387,7.5
Israel,ISR,2019-01-01,58.0,7.1286,7.5
Israel,ISR,2020-01-01,45.91,7.1571,7.5
Israel,ISR,2021-01-01,52.24,7.3638,6.88
Israel,ISR,2022-01-01,,7.4729,6.88
Israel,ISR,2023-01-01,,7.3411,6.88
Italy,ITA,2006-01-01,,,8.13
Italy,ITA,2008-01-01,,,8.13
Italy,ITA,2010-01-01,,,8.13
Italy,ITA,2011-01-01,,6.578179,7.5
Italy,ITA,2012-01-01,,,7.5
Italy,ITA,2013-01-01,,,7.5
Italy,ITA,2014-01-01,,5.948,7.5
Italy,ITA,2015-01-01,,5.977,8.13
Italy,ITA,2016-01-01,,5.964,8.13
Italy,ITA,2017-01-01,,6.0004,8.13
Italy,ITA,2018-01-01,,6.2234,6.88
Italy,ITA,2019-01-01,,6.3874,6.25
Italy,ITA,2020-01-01,,6.4831,7.5
Italy,ITA,2021-01-01,,6.4667,7.5
Italy,ITA,2022-01-01,,6.4045,7.5
Italy,ITA,2023-01-01,,6.3235,7.5
Jamaica,JAM,2006-01-01,,,6.25
Jamaica,JAM,2008-01-01,,,6.25
Jamaica,JAM,2010-01-01,,,6.25
Jamaica,JAM,2011-01-01,,6.207882,6.25
Jamaica,JAM,2012-01-01,,,6.88
Jamaica,JAM,2013-01-01,,,6.88
Jamaica,JAM,2014-01-01,,5.709,6.88
Jamaica,JAM,2015-01-01,,5.51,6.88
Jamaica,JAM,2016-01-01,,5.311,6.88
Jamaica,JAM,2017-01-01,,5.8898,6.88
Jamaica,JAM,2018-01-01,,5.8898,6.25
Jamaica,JAM,2019-01-01,,5.8898,6.25
Jamaica,JAM,2020-01-01,,6.3092,6.25
Jamaica,JAM,2021-01-01,,5.8496,6.25
Jamaica,JAM,2022-01-01,,5.7027,6.25
Jamaica,JAM,2023-01-01,,5.8417,6.25
Japan,JPN,2006-01-01,,,8.75
Japan,JPN,2008-01-01,,,8.75
Japan,JPN,2010-01-01,,,7.5
Japan,JPN,2011-01-01,,6.059098,7.5
Japan,JPN,2012-01-01,,,7.5
Japan,JPN,2013-01-01,,,7.5
Japan,JPN,2014-01-01,,5.987,7.5
Japan,JPN,2015-01-01,,5.921,7.5
Japan,JPN,2016-01-01,,5.92,7.5
Japan,JPN,2017-01-01,,5.915,7.5
Japan,JPN,2018-01-01,,5.8861,7.5
Japan,JPN,2019-01-01,,5.8708,7.5
Japan,JPN,2020-01-01,,5.9405,8.13
Japan,JPN,2021-01-01,,6.0389,8.13
Japan,JPN,2022-01-01,,6.129,8.13
Japan,JPN,2023-01-01,,6.0598,8.13
Jordan,JOR,2006-01-01,,,5.0
Jordan,JOR,2008-01-01,,,5.0
Jordan,JOR,2010-01-01,,,3.75
Jordan,JOR,2011-01-01,,5.706185,3.75
Jordan,JOR,2012-01-01,,,3.75
Jordan,JOR,2013-01-01,,,3.75
Jordan,JOR,2014-01-01,,5.192,3.75
Jordan,JOR,2015-01-01,,5.303,4.38
Jordan,JOR,2016-01-01,,5.336,4.38
Jordan,JOR,2017-01-01,,5.1607,4.38
Jordan,JOR,2018-01-01,,4.9057,4.38
Jordan,JOR,2019-01-01,,4.6334,4.38
Jordan,JOR,2020-01-01,,4.3946,4.38
Jordan,JOR,2021-01-01,,4.1521,3.75
Jordan,JOR,2022-01-01,,4.1198,3.13
Jordan,JOR,2023-01-01,,4.1858,2.5
Kazakhstan,KAZ,2006-01-01,,,4.38
Kazakhstan,KAZ,2008-01-01,,,4.38
Kazakhstan,KAZ,2010-01-01,,,4.38
Kazakhstan,KAZ,2011-01-01,,5.594488,4.38
Kazakhstan,KAZ,2012-01-01,,,4.38
Kazakhstan,KAZ,2013-01-01,,,4.38
Kazakhstan,KAZ,2014-01-01,,5.855,4.38
Kazakhstan,KAZ,2015-01-01,,5.919,4.38
Kazakhstan,KAZ,2016-01-01,,5.819,4.38
Kazakhstan,KAZ,2017-01-01,,5.7901,4.38
Kazakhstan,KAZ,2018-01-01,,5.8088,4.38
Kazakhstan,KAZ,2019-01-01,,6.0579,4.38
Kazakhstan,KAZ,2020-01-01,,6.1518,3.75
Kazakhstan,KAZ,2021-01-01,,6.2341,3.75
Kazakhstan,KAZ,2022-01-01,,6.1439,3.75
Kazakhstan,KAZ,2023-01-01,,6.1875,3.75
Kenya,KEN,2006-01-01,,,6.25
Kenya,KEN,2008-01-01,,,5.63
Kenya,KEN,2010-01-01,,,5.63
Kenya,KEN,2011-01-01,,4.180273,5.63
Kenya,KEN,2012-01-01,,,5.63
Kenya,KEN,2013-01-01,,,5.63
Kenya,KEN,2014-01-01,,4.419,5.63
Kenya,KEN,2015-01-01,,4.356,5.63
Kenya,KEN,2016-01-01,,4.553,5.63
Kenya,KEN,2017-01-01,,4.4097,5.63
Kenya,KEN,2018-01-01,,4.5086,5.63
Kenya,KEN,2019-01-01,,4.583,5.63
Kenya,KEN,2020-01-01,,4.6066,5.63
Kenya,KEN,2021-01-01,,4.543,5.63
Kenya,KEN,2022-01-01,,4.4866,5.63
Kenya,KEN,2023-01-01,,4.4696,5.63
Kosovo,OWID_KOS,2011-01-01,,5.420175,
Kosovo,OWID_KOS,2014-01-01,,5.589,
Kosovo,OWID_KOS,2015-01-01,,5.401,
Kosovo,OWID_KOS,2016-01-01,,5.279,
Kosovo,OWID_KOS,2017-01-01,,5.6621,
Kosovo,OWID_KOS,2018-01-01,,6.1,
Kosovo,OWID_KOS,2019-01-01,,6.3252,
Kosovo,OWID_KOS,2020-01-01,,6.372,
Kosovo,OWID_KOS,2021-01-01,,6.4551,
Kosovo,OWID_KOS,2022-01-01,,6.3676,
Kosovo,OWID_KOS,2023-01-01,,6.561,
Kuwait,KWT,2006-01-01,,,5.63
Kuwait,KWT,2008-01-01,,,5.0
Kuwait,KWT,2010-01-01,,,4.38
Kuwait,KWT,2011-01-01,,6.574075,4.38
Kuwait,KWT,2012-01-01,,,4.38
Kuwait,KWT,2013-01-01,,,4.38
Kuwait,KWT,2014-01-01,,6.295,4.38
Kuwait,KWT,2015-01-01,,6.239,4.38
Kuwait,KWT,2016-01-01,,6.105,4.38
Kuwait,KWT,2017-01-01,,6.0834,4.38
Kuwait,KWT,2018-01-01,,6.0207,4.38
Kuwait,KWT,2019-01-01,,6.1021,4.38
Kuwait,KWT,2020-01-01,,6.1061,4.38
Kuwait,KWT,2021-01-01,,6.1061,4.38
Kuwait,KWT,2022-01-01,,,4.38
Kuwait,KWT,2023-01-01,,6.9514,4.38
Kyrgyzstan,KGZ,2006-01-01,,,5.0
Kyrgyzstan,KGZ,2008-01-01,,,4.38
Kyrgyzstan,KGZ,2010-01-01,,,4.38
Kyrgyzstan,KGZ,2011-01-01,,4.828298,4.38
Kyrgyzstan,KGZ,2012-01-01,,,4.38
Kyrgyzstan,KGZ,2013-01-01,,,4.38
Kyrgyzstan,KGZ,2014-01-01,,5.286,4.38
Kyrgyzstan,KGZ,2015-01-01,,5.185,5.0
Kyrgyzstan,KGZ,2016-01-01,,5.004,3.75
Kyrgyzstan,KGZ,2017-01-01,,5.1308,4.38
Kyrgyzstan,KGZ,2018-01-01,,5.2607,4.38
Kyrgyzstan,KGZ,2019-01-01,,5.5415,3.75
Kyrgyzstan,KGZ,2020-01-01,,5.7436,3.13
Kyrgyzstan,KGZ,2021-01-01,,5.8285,3.13
Kyrgyzstan,KGZ,2022-01-01,,5.8253,3.13
Kyrgyzstan,KGZ,2023-01-01,,5.7135,3.13
Laos,LAO,2006-01-01,,,5.0
Laos,LAO,2008-01-01,,,5.0
Laos,LAO,2010-01-01,,,5.0
Laos,LAO,2011-01-01,,5.161074,5.0
Laos,LAO,2012-01-01,,,5.0
Laos,LAO,2013-01-01,,,5.0
Laos,LAO,2014-01-01,,4.876,5.0
Laos,LAO,2015-01-01,,4.876,5.0
Laos,LAO,2016-01-01,,,5.0
Laos,LAO,2017-01-01,,4.6231,5.0
Laos,LAO,2018-01-01,,4.7963,5.0
Laos,LAO,2019-01-01,,4.8886,5.0
Laos,LAO,2020-01-01,,5.03,3.75
Laos,LAO,2021-01-01,,5.1403,3.75
Laos,LAO,2022-01-01,,5.1107,3.75
Laos,LAO,2023-01-01,,5.1389,
Latvia,LVA,2006-01-01,,,5.63
Latvia,LVA,2008-01-01,,,5.63
Latvia,LVA,2010-01-01,,,5.63
Latvia,LVA,2011-01-01,,4.76201,5.63
Latvia,LVA,2012-01-01,,,5.63
Latvia,LVA,2013-01-01,,,5.63
Latvia,LVA,2014-01-01,,5.098,6.88
Latvia,LVA,2015-01-01,,5.56,6.88
Latvia,LVA,2016-01-01,,5.85,6.88
Latvia,LVA,2017-01-01,,5.9331,6.88
Latvia,LVA,2018-01-01,,5.9397,6.88
Latvia,LVA,2019-01-01,,5.95,6.88
Latvia,LVA,2020-01-01,,6.032,5.63
Latvia,LVA,2021-01-01,,6.1804,6.25
Latvia,LVA,2022-01-01,,6.2127,6.25
Latvia,LVA,2023-01-01,,6.2345,6.25
Lebanon,LBN,2006-01-01,,,6.25
Lebanon,LBN,2008-01-01,,,5.0
Lebanon,LBN,2010-01-01,,,5.0
Lebanon,LBN,2011-01-01,,5.049216,5.0
Lebanon,LBN,2012-01-01,,,5.0
Lebanon,LBN,2013-01-01,,,5.0
Lebanon,LBN,2014-01-01,,4.839,5.0
Lebanon,LBN,2015-01-01,,5.129,4.38
Lebanon,LBN,2016-01-01,,5.225,4.38
Lebanon,LBN,2017-01-01,,5.1989,5.63
Lebanon,LBN,2018-01-01,,5.1973,5.63
Lebanon,LBN,2019-01-01,,4.7715,5.0
Lebanon,LBN,2020-01-01,,4.5838,5.0
Lebanon,LBN,2021-01-01,,2.9553,3.75
Lebanon,LBN,2022-01-01,,2.3922,3.13
Lebanon,LBN,2023-01-01,,2.7065,3.13
Lesotho,LSO,2006-01-01,,,6.25
Lesotho,LSO,2008-01-01,,,5.63
Lesotho,LSO,2010-01-01,,,3.75
Lesotho,LSO,2011-01-01,,,5.63
Lesotho,LSO,2012-01-01,,,5.63
Lesotho,LSO,2013-01-01,,,5.63
Lesotho,LSO,2014-01-01,,4.898,5.63
Lesotho,LSO,2015-01-01,,,5.63
Lesotho,LSO,2016-01-01,,3.808,5.63
Lesotho,LSO,2017-01-01,,3.8082,5.63
Lesotho,LSO,2018-01-01,,3.8019,5.63
Lesotho,LSO,2019-01-01,,3.6528,5.63
Lesotho,LSO,2020-01-01,,3.5118,5.63
Lesotho,LSO,2021-01-01,,3.5118,5.63
Lesotho,LSO,2022-01-01,,,5.63
Lesotho,LSO,2023-01-01,,3.1862,5.63
Liberia,LBR,2006-01-01,,,5.63
Liberia,LBR,2008-01-01,,,5.63
Liberia,LBR,2010-01-01,,,5.0
Liberia,LBR,2011-01-01,,4.039651,5.0
Liberia,LBR,2012-01-01,,,5.0
Liberia,LBR,2013-01-01,,,5.0
Liberia,LBR,2014-01-01,,4.571,5.0
Liberia,LBR,2015-01-01,,3.622,5.0
Liberia,LBR,2016-01-01,,3.533,5.0
Liberia,LBR,2017-01-01,,3.4954,5.0
Liberia,LBR,2018-01-01,,3.9753,5.63
Liberia,LBR,2019-01-01,,4.5579,5.63
Liberia,LBR,2020-01-01,,4.6252,5.63
Liberia,LBR,2021-01-01,,5.1215,5.63
Liberia,LBR,2022-01-01,,4.0423,5.63
Liberia,LBR,2023-01-01,,4.2686,5.63
Libya,LBY,2006-01-01,,,5.0
Libya,LBY,2008-01-01,,,5.0
Libya,LBY,2010-01-01,,,5.0
Libya,LBY,2011-01-01,,5.177599,6.25
Libya,LBY,2012-01-01,,,6.25
Libya,LBY,2013-01-01,,,5.63
Libya,LBY,2014-01-01,,5.754,5.63
Libya,LBY,2015-01-01,,5.615,5.63
Libya,LBY,2016-01-01,,5.525,5.63
Libya,LBY,2017-01-01,,5.5657,5.63
Libya,LBY,2018-01-01,,5.5253,5.0
Libya,LBY,2019-01-01,,5.4888,4.38
Libya,LBY,2020-01-01,,5.4103,3.75
Libya,LBY,2021-01-01,,5.3302,3.75
Libya,LBY,2022-01-01,,,3.75
Libya,LBY,2023-01-01,,5.8663,
Lithuania,LTU,2006-01-01,,,5.63
Lithuania,LTU,2008-01-01,,,6.25
Lithuania,LTU,2010-01-01,,,6.25
Lithuania,LTU,2011-01-01,,5.588069,6.25
Lithuania,LTU,2012-01-01,,,6.25
Lithuania,LTU,2013-01-01,,,6.25
Lithuania,LTU,2014-01-01,,5.833,6.25
Lithuania,LTU,2015-01-01,,5.813,6.25
Lithuania,LTU,2016-01-01,,5.902,6.25
Lithuania,LTU,2017-01-01,,5.9519,6.25
Lithuania,LTU,2018-01-01,,6.149,6.25
Lithuania,LTU,2019-01-01,,6.2155,6.25
Lithuania,LTU,2020-01-01,,6.2554,5.63
Lithuania,LTU,2021-01-01,,6.4456,5.63
Lithuania,LTU,2022-01-01,,6.763,5.63
Lithuania,LTU,2023-01-01,,6.8175,5.63
Low-income countries,,2011-01-01,,4.1816053,
Low-income countries,,2014-01-01,,4.1220455,
Low-income countries,,2015-01-01,,4.0098686,
Low-income countries,,2016-01-01,,4.0824404,
Low-income countries,,2017-01-01,,4.062366,
Low-income countries,,2018-01-01,,4.081159,
Low-income countries,,2019-01-01,,4.0961123,
Low-income countries,,2020-01-01,,4.168991,
Low-income countries,,2021-01-01,,4.2000985,
Low-income countries,,2022-01-01,,3.8439217,
Low-income countries,,2023-01-01,,3.8080618,
Lower-middle-income countries,,2011-01-01,,4.908677,
Lower-middle-income countries,,2014-01-01,,4.6976223,
Lower-middle-income countries,,2015-01-01,,4.605488,
Lower-middle-income countries,,2016-01-01,,4.592434,
Lower-middle-income countries,,2017-01-01,,4.546617,
Lower-middle-income countries,,2018-01-01,,4.5023932,
Lower-middle-income countries,,2019-01-01,,4.324793,
Lower-middle-income countries,,2020-01-01,,4.406074,
Lower-middle-income countries,,2021-01-01,,4.3552337,
Lower-middle-income countries,,2022-01-01,,4.443347,
Lower-middle-income countries,,2023-01-01,,4.440429,
Luxembourg,LUX,2006-01-01,,,8.75
Luxembourg,LUX,2008-01-01,,,8.75
Luxembourg,LUX,2010-01-01,,,8.75
Luxembourg,LUX,2011-01-01,,7.050853,8.75
Luxembourg,LUX,2012-01-01,,,8.75
Luxembourg,LUX,2013-01-01,,,8.75
Luxembourg,LUX,2014-01-01,,6.946,8.75
Luxembourg,LUX,2015-01-01,,6.871,8.75
Luxembourg,LUX,2016-01-01,,6.863,8.75
Luxembourg,LUX,2017-01-01,,6.9099,8.75
Luxembourg,LUX,2018-01-01,,7.0903,8.75
Luxembourg,LUX,2019-01-01,,7.2375,8.75
Luxembourg,LUX,2020-01-01,209.2,7.3244,8.75
Luxembourg,LUX,2021-01-01,216.93,7.404,8.75
Luxembourg,LUX,2022-01-01,,7.2279,8.75
Luxembourg,LUX,2023-01-01,,7.1219,8.75
Madagascar,MDG,2006-01-01,,,6.88
Madagascar,MDG,2008-01-01,,,5.63
Madagascar,MDG,2010-01-01,,,6.25
Madagascar,MDG,2011-01-01,,4.309328,5.63
Madagascar,MDG,2012-01-01,,,5.63
Madagascar,MDG,2013-01-01,,,5.63
Madagascar,MDG,2014-01-01,,3.681,5.63
Madagascar,MDG,2015-01-01,,3.695,5.63
Madagascar,MDG,2016-01-01,,3.644,5.63
Madagascar,MDG,2017-01-01,,3.7736,5.63
Madagascar,MDG,2018-01-01,,3.9327,5.63
Madagascar,MDG,2019-01-01,,4.1656,5.63
Madagascar,MDG,2020-01-01,,4.2085,5.63
Madagascar,MDG,2021-01-01,,4.3391,5.63
Madagascar,MDG,2022-01-01,,4.0191,5.63
Madagascar,MDG,2023-01-01,,4.2279,5.63
Malawi,MWI,2006-01-01,,,4.38
Malawi,MWI,2008-01-01,,,5.63
Malawi,MWI,2010-01-01,,,5.63
Malawi,MWI,2011-01-01,,4.623671,5.63
Malawi,MWI,2012-01-01,,,6.25
Malawi,MWI,2013-01-01,,,6.25
Malawi,MWI,2014-01-01,,4.292,6.25
Malawi,MWI,2015-01-01,,4.156,6.25
Malawi,MWI,2016-01-01,,3.97,6.25
Malawi,MWI,2017-01-01,,3.5868,6.25
Malawi,MWI,2018-01-01,,3.4098,6.25
Malawi,MWI,2019-01-01,,3.538,6.25
Malawi,MWI,2020-01-01,,3.6,6.25
Malawi,MWI,2021-01-01,,3.7504,6.25
Malawi,MWI,2022-01-01,,3.4952,6.25
Malawi,MWI,2023-01-01,,3.421,6.25
Malaysia,MYS,2006-01-01,,,7.5
Malaysia,MYS,2008-01-01,,,7.5
Malaysia,MYS,2010-01-01,,,6.25
Malaysia,MYS,2011-01-01,,5.823207,6.25
Malaysia,MYS,2012-01-01,,,6.25
Malaysia,MYS,2013-01-01,,,6.25
Malaysia,MYS,2014-01-01,,5.77,6.25
Malaysia,MYS,2015-01-01,,6.005,6.25
Malaysia,MYS,2016-01-01,,6.084,6.25
Malaysia,MYS,2017-01-01,,6.3221,6.25
Malaysia,MYS,2018-01-01,,5.3388,6.25
Malaysia,MYS,2019-01-01,,5.3843,6.25
Malaysia,MYS,2020-01-01,,5.3843,6.25
Malaysia,MYS,2021-01-01,,5.7113,6.25
Malaysia,MYS,2022-01-01,,6.0123,6.25
Malaysia,MYS,2023-01-01,,5.9752,6.25
Maldives,MDV,2019-01-01,,5.1976,
Maldives,MDV,2020-01-01,,5.1976,
Mali,MLI,2006-01-01,,,5.63
Mali,MLI,2008-01-01,,,5.63
Mali,MLI,2010-01-01,,,5.63
Mali,MLI,2011-01-01,,3.966874,5.63
Mali,MLI,2012-01-01,,,3.13
Mali,MLI,2013-01-01,,,6.25
Mali,MLI,2014-01-01,,3.995,6.25
Mali,MLI,2015-01-01,,4.073,6.25
Mali,MLI,2016-01-01,,4.19,6.25
Mali,MLI,2017-01-01,,4.447,6.25
Mali,MLI,2018-01-01,,4.3904,5.63
Mali,MLI,2019-01-01,,4.7293,5.63
Mali,MLI,2020-01-01,,4.7235,5.63
Mali,MLI,2021-01-01,,4.479,5.63
Mali,MLI,2022-01-01,,4.1978,5.63
Mali,MLI,2023-01-01,,4.232,4.38
Malta,MLT,2006-01-01,,,8.75
Malta,MLT,2008-01-01,,,8.75
Malta,MLT,2010-01-01,,,8.75
Malta,MLT,2011-01-01,,5.959978,8.75
Malta,MLT,2012-01-01,,,8.75
Malta,MLT,2013-01-01,,,8.75
Malta,MLT,2014-01-01,,6.302,8.75
Malta,MLT,2015-01-01,,6.488,8.75
Malta,MLT,2016-01-01,,6.527,8.75
Malta,MLT,2017-01-01,,6.6266,8.75
Malta,MLT,2018-01-01,,6.7256,8.75
Malta,MLT,2019-01-01,,6.7728,8.13
Malta,MLT,2020-01-01,465.53,6.602,8.13
Malta,MLT,2021-01-01,,6.4469,8.13
Malta,MLT,2022-01-01,,6.2999,8.13
Malta,MLT,2023-01-01,,6.3458,8.13
Mauritania,MRT,2006-01-01,,,3.13
Mauritania,MRT,2008-01-01,,,3.75
Mauritania,MRT,2010-01-01,,,3.13
Mauritania,MRT,2011-01-01,,4.64289,3.13
Mauritania,MRT,2012-01-01,,,3.13
Mauritania,MRT,2013-01-01,,,3.13
Mauritania,MRT,2014-01-01,,4.436,3.13
Mauritania,MRT,2015-01-01,,4.201,3.13
Mauritania,MRT,2016-01-01,,4.292,3.13
Mauritania,MRT,2017-01-01,,4.3555,3.13
Mauritania,MRT,2018-01-01,,4.4903,3.13
Mauritania,MRT,2019-01-01,,4.3746,3.13
Mauritania,MRT,2020-01-01,,4.2274,3.13
Mauritania,MRT,2021-01-01,,4.1526,3.13
Mauritania,MRT,2022-01-01,,4.7239,3.13
Mauritania,MRT,2023-01-01,,4.5051,3.13
Mauritius,MUS,2006-01-01,,,8.13
Mauritius,MUS,2008-01-01,,,8.13
Mauritius,MUS,2010-01-01,,,8.13
Mauritius,MUS,2011-01-01,,5.477073,8.13
Mauritius,MUS,2012-01-01,,,8.75
Mauritius,MUS,2013-01-01,,,8.75
Mauritius,MUS,2014-01-01,,5.477,8.75
Mauritius,MUS,2015-01-01,,5.648,8.75
Mauritius,MUS,2016-01-01,,5.629,8.75
Mauritius,MUS,2017-01-01,,5.8915,8.75
Mauritius,MUS,2018-01-01,,5.8882,8.75
Mauritius,MUS,2019-01-01,,6.1013,8.75
Mauritius,MUS,2020-01-01,,6.049,8.75
Mauritius,MUS,2021-01-01,14.5,6.0711,8.75
Mauritius,MUS,2022-01-01,,5.9023,8.75
Mauritius,MUS,2023-01-01,,5.8164,8.75
Mexico,MEX,2006-01-01,,,5.0
Mexico,MEX,2008-01-01,,,5.0
Mexico,MEX,2010-01-01,,,5.0
Mexico,MEX,2011-01-01,,6.740288,5.0
Mexico,MEX,2012-01-01,,,5.0
Mexico,MEX,2013-01-01,,,5.0
Mexico,MEX,2014-01-01,,7.187,5.0
Mexico,MEX,2015-01-01,,6.778,4.38
Mexico,MEX,2016-01-01,,6.578,4.38
Mexico,MEX,2017-01-01,,6.4882,4.38
Mexico,MEX,2018-01-01,17.23,6.5945,3.13
Mexico,MEX,2019-01-01,13.94,6.465,3.13
Mexico,MEX,2020-01-01,9.88,6.3168,3.13
Mexico,MEX,2021-01-01,11.09,6.1276,3.13
Mexico,MEX,2022-01-01,,6.3295,1.88
Mexico,MEX,2023-01-01,,6.678,1.88
Moldova,MDA,2006-01-01,,,5.0
Moldova,MDA,2008-01-01,,,5.0
Moldova,MDA,2010-01-01,,,3.13
Moldova,MDA,2011-01-01,,5.3054,4.38
Moldova,MDA,2012-01-01,,,4.38
Moldova,MDA,2013-01-01,,,4.38
Moldova,MDA,2014-01-01,,5.889,4.38
Moldova,MDA,2015-01-01,,5.897,4.38
Moldova,MDA,2016-01-01,,5.838,4.38
Moldova,MDA,2017-01-01,,5.6397,4.38
Moldova,MDA,2018-01-01,,5.5285,4.38
Moldova,MDA,2019-01-01,,5.6075,4.38
Moldova,MDA,2020-01-01,,5.7664,4.38
Moldova,MDA,2021-01-01,,5.8568,4.38
Moldova,MDA,2022-01-01,,5.8192,4.38
Moldova,MDA,2023-01-01,,5.8159,4.38
Mongolia,MNG,2006-01-01,,,5.63
Mongolia,MNG,2008-01-01,,,5.63
Mongolia,MNG,2010-01-01,,,5.63
Mongolia,MNG,2011-01-01,,4.562082,5.0
Mongolia,MNG,2012-01-01,,,5.0
Mongolia,MNG,2013-01-01,,,5.0
Mongolia,MNG,2014-01-01,,4.874,5.0
Mongolia,MNG,2015-01-01,,4.907,5.0
Mongolia,MNG,2016-01-01,,4.955,5.0
Mongolia,MNG,2017-01-01,,5.1246,5.0
Mongolia,MNG,2018-01-01,,5.2854,5.0
Mongolia,MNG,2019-01-01,,5.4562,5.0
Mongolia,MNG,2020-01-01,,5.6772,5.63
Mongolia,MNG,2021-01-01,,5.7607,5.63
Mongolia,MNG,2022-01-01,,5.8402,5.63
Mongolia,MNG,2023-01-01,,5.6962,5.63
Montenegro,MNE,2006-01-01,,,5.63
Montenegro,MNE,2008-01-01,,,5.63
Montenegro,MNE,2010-01-01,,,5.0
Montenegro,MNE,2011-01-01,,5.146845,4.38
Montenegro,MNE,2012-01-01,,,4.38
Montenegro,MNE,2013-01-01,,,4.38
Montenegro,MNE,2014-01-01,,5.192,4.38
Montenegro,MNE,2015-01-01,,5.161,4.38
Montenegro,MNE,2016-01-01,,5.237,4.38
Montenegro,MNE,2017-01-01,,5.3475,4.38
Montenegro,MNE,2018-01-01,,5.5229,4.38
Montenegro,MNE,2019-01-01,,5.5461,4.38
Montenegro,MNE,2020-01-01,,5.5805,3.13
Montenegro,MNE,2021-01-01,,5.5468,3.13
Montenegro,MNE,2022-01-01,,5.7222,3.75
Montenegro,MNE,2023-01-01,,5.707,3.75
Morocco,MAR,2006-01-01,,,5.63
Morocco,MAR,2008-01-01,,,5.63
Morocco,MAR,2010-01-01,,,5.0
Morocco,MAR,2011-01-01,,4.793151,4.38
Morocco,MAR,2012-01-01,,,5.0
Morocco,MAR,2013-01-01,,,5.0
Morocco,MAR,2014-01-01,,5.013,5.0
Morocco,MAR,2015-01-01,,5.151,5.63
Morocco,MAR,2016-01-01,,5.235,5.63
Morocco,MAR,2017-01-01,,5.2537,5.63
Morocco,MAR,2018-01-01,,5.2081,5.63
Morocco,MAR,2019-01-01,,5.0948,5.63
Morocco,MAR,2020-01-01,,4.918,5.63
Morocco,MAR,2021-01-01,,5.0599,5.63
Morocco,MAR,2022-01-01,,4.9028,5.63
Morocco,MAR,2023-01-01,,4.7947,5.63
Mozambique,MOZ,2006-01-01,,,6.88
Mozambique,MOZ,2008-01-01,,,6.25
Mozambique,MOZ,2010-01-01,,,5.63
Mozambique,MOZ,2011-01-01,,4.692764,5.63
Mozambique,MOZ,2012-01-01,,,5.63
Mozambique,MOZ,2013-01-01,,,5.63
Mozambique,MOZ,2014-01-01,,4.971,5.63
Mozambique,MOZ,2015-01-01,,,5.63
Mozambique,MOZ,2016-01-01,,4.55,5.0
Mozambique,MOZ,2017-01-01,,4.4166,5.0
Mozambique,MOZ,2018-01-01,,4.4662,5.0
Mozambique,MOZ,2019-01-01,,4.6236,5.0
Mozambique,MOZ,2020-01-01,,4.7945,5.0
Mozambique,MOZ,2021-01-01,,5.0483,5.0
Mozambique,MOZ,2022-01-01,,4.954,5.0
Mozambique,MOZ,2023-01-01,,5.2164,5.0
Myanmar,MMR,2006-01-01,,,5.63
Myanmar,MMR,2008-01-01,,,5.63
Myanmar,MMR,2010-01-01,,,5.63
Myanmar,MMR,2011-01-01,,5.321977,5.63
Myanmar,MMR,2012-01-01,,,5.63
Myanmar,MMR,2013-01-01,,,5.63
Myanmar,MMR,2014-01-01,,4.307,5.63
Myanmar,MMR,2015-01-01,,4.395,6.88
Myanmar,MMR,2016-01-01,,4.545,6.88
Myanmar,MMR,2017-01-01,,4.3078,5.63
Myanmar,MMR,2018-01-01,,4.3604,5.63
Myanmar,MMR,2019-01-01,,4.308,5.63
Myanmar,MMR,2020-01-01,,4.4258,4.38
Myanmar,MMR,2021-01-01,,4.3942,3.13
Myanmar,MMR,2022-01-01,,4.3725,3.13
Myanmar,MMR,2023-01-01,,4.3545,
Namibia,NAM,2006-01-01,,,8.75
Namibia,NAM,2008-01-01,,,6.88
Namibia,NAM,2010-01-01,,,5.63
Namibia,NAM,2011-01-01,,4.885587,5.63
Namibia,NAM,2012-01-01,,,5.63
Namibia,NAM,2013-01-01,,,5.63
Namibia,NAM,2014-01-01,,,5.63
Namibia,NAM,2015-01-01,,4.574,5.63
Namibia,NAM,2016-01-01,,4.574,5.63
Namibia,NAM,2017-01-01,,4.4413,5.63
Namibia,NAM,2018-01-01,,4.6392,5.63
Namibia,NAM,2019-01-01,,4.5711,5.63
Namibia,NAM,2020-01-01,,4.5741,5.63
Namibia,NAM,2021-01-01,,4.4594,5.63
Namibia,NAM,2022-01-01,,4.6308,5.63
Namibia,NAM,2023-01-01,,4.8317,5.63
Nepal,NPL,2006-01-01,,,5.63
Nepal,NPL,2008-01-01,,,6.25
Nepal,NPL,2010-01-01,,,5.63
Nepal,NPL,2011-01-01,,4.474119,5.63
Nepal,NPL,2012-01-01,,,4.38
Nepal,NPL,2013-01-01,,,5.63
Nepal,NPL,2014-01-01,,4.514,5.63
Nepal,NPL,2015-01-01,,4.793,5.63
Nepal,NPL,2016-01-01,,4.962,5.63
Nepal,NPL,2017-01-01,,4.8804,5.63
Nepal,NPL,2018-01-01,,4.9127,5.63
Nepal,NPL,2019-01-01,,5.1372,5.63
Nepal,NPL,2020-01-01,,5.2689,5.63
Nepal,NPL,2021-01-01,,5.3765,2.5
Nepal,NPL,2022-01-01,,5.3603,2.5
Nepal,NPL,2023-01-01,,5.1584,2.5
Netherlands,NLD,2006-01-01,,,10.0
Netherlands,NLD,2008-01-01,,,10.0
Netherlands,NLD,2010-01-01,,,8.13
Netherlands,NLD,2011-01-01,,7.512336,8.13
Netherlands,NLD,2012-01-01,,,8.13
Netherlands,NLD,2013-01-01,,,8.13
Netherlands,NLD,2014-01-01,,7.378,8.13
Netherlands,NLD,2015-01-01,,7.339,8.13
Netherlands,NLD,2016-01-01,,7.377,8.13
Netherlands,NLD,2017-01-01,,7.4413,8.13
Netherlands,NLD,2018-01-01,,7.4876,8.13
Netherlands,NLD,2019-01-01,,7.4489,8.75
Netherlands,NLD,2020-01-01,,7.464,8.75
Netherlands,NLD,2021-01-01,,7.4149,8.75
Netherlands,NLD,2022-01-01,,7.403,8.75
Netherlands,NLD,2023-01-01,,7.3194,8.75
New Zealand,NZL,2006-01-01,,,8.13
New Zealand,NZL,2008-01-01,,,8.13
New Zealand,NZL,2010-01-01,,,8.13
New Zealand,NZL,2011-01-01,,7.372486,8.13
New Zealand,NZL,2012-01-01,,,8.13
New Zealand,NZL,2013-01-01,,,8.13
New Zealand,NZL,2014-01-01,,7.286,8.13
New Zealand,NZL,2015-01-01,,7.334,8.13
New Zealand,NZL,2016-01-01,,7.314,8.13
New Zealand,NZL,2017-01-01,,7.3238,8.13
New Zealand,NZL,2018-01-01,,7.3075,8.13
New Zealand,NZL,2019-01-01,,7.2996,8.13
New Zealand,NZL,2020-01-01,,7.2766,8.75
New Zealand,NZL,2021-01-01,,7.1998,8.75
New Zealand,NZL,2022-01-01,,7.1229,8.75
New Zealand,NZL,2023-01-01,,7.0292,8.75
Nicaragua,NIC,2006-01-01,,,3.75
Nicaragua,NIC,2008-01-01,,,5.0
Nicaragua,NIC,2010-01-01,,,5.63
Nicaragua,NIC,2011-01-01,,5.114866,5.63
Nicaragua,NIC,2012-01-01,,,5.63
Nicaragua,NIC,2013-01-01,,,5.63
Nicaragua,NIC,2014-01-01,,5.828,5.63
Nicaragua,NIC,2015-01-01,,5.992,5.63
Nicaragua,NIC,2016-01-01,,6.071,5.63
Nicaragua,NIC,2017-01-01,,6.141,5.63
Nicaragua,NIC,2018-01-01,,6.105,5.63
Nicaragua,NIC,2019-01-01,,6.1371,5.63
Nicaragua,NIC,2020-01-01,,5.9721,5.63
Nicaragua,NIC,2021-01-01,,6.1646,4.38
Nicaragua,NIC,2022-01-01,,6.2588,4.38
Nicaragua,NIC,2023-01-01,,6.2839,3.75
Niger,NER,2006-01-01,,,3.75
Niger,NER,2008-01-01,,,3.75
Niger,NER,2010-01-01,,,3.75
Niger,NER,2011-01-01,,4.121817,4.38
Niger,NER,2012-01-01,,,4.38
Niger,NER,2013-01-01,,,4.38
Niger,NER,2014-01-01,,3.845,4.38
Niger,NER,2015-01-01,,3.856,4.38
Niger,NER,2016-01-01,,4.028,4.38
Niger,NER,2017-01-01,,4.1655,4.38
Niger,NER,2018-01-01,,4.6275,4.38
Niger,NER,2019-01-01,,4.9096,4.38
Niger,NER,2020-01-01,,5.0741,4.38
Niger,NER,2021-01-01,,5.0035,4.38
Niger,NER,2022-01-01,,4.5013,5.63
Niger,NER,2023-01-01,,4.5563,3.75
Nigeria,NGA,2006-01-01,,,4.38
Nigeria,NGA,2008-01-01,,,4.38
Nigeria,NGA,2010-01-01,,,3.13
Nigeria,NGA,2011-01-01,,4.855947,3.13
Nigeria,NGA,2012-01-01,,,3.13
Nigeria,NGA,2013-01-01,,,3.13
Nigeria,NGA,2014-01-01,,5.268,3.13
Nigeria,NGA,2015-01-01,,4.875,5.0
Nigeria,NGA,2016-01-01,,5.074,4.38
Nigeria,NGA,2017-01-01,,5.1554,3.75
Nigeria,NGA,2018-01-01,,5.2646,3.75
Nigeria,NGA,2019-01-01,,4.7241,3.75
Nigeria,NGA,2020-01-01,,4.7593,3.75
Nigeria,NGA,2021-01-01,,4.552,3.75
Nigeria,NGA,2022-01-01,,4.9806,3.75
Nigeria,NGA,2023-01-01,,4.8808,3.75
North America,,2011-01-01,,6.9231167,
North America,,2014-01-01,,6.957717,
North America,,2015-01-01,,6.8593993,
North America,,2016-01-01,,6.742665,
North America,,2017-01-01,,6.670238,
North America,,2018-01-01,,6.7046747,
North America,,2019-01-01,,6.709247,
North America,,2020-01-01,,6.6669545,
North America,,2021-01-01,,6.6924686,
North America,,2022-01-01,,6.676801,
North America,,2023-01-01,,6.667126,
North Korea,PRK,2006-01-01,,,1.25
North Korea,PRK,2008-01-01,,,1.25
North Korea,PRK,2010-01-01,,,1.25
North Korea,PRK,2011-01-01,,,1.25
North Korea,PRK,2012-01-01,,,1.25
North Korea,PRK,2013-01-01,,,1.25
North Korea,PRK,2014-01-01,,,1.25
North Korea,PRK,2015-01-01,,,1.25
North Korea,PRK,2016-01-01,,,1.25
North Korea,PRK,2017-01-01,,,1.25
North Korea,PRK,2018-01-01,,,1.25
North Korea,PRK,2019-01-01,,,1.25
North Korea,PRK,2020-01-01,,,1.25
North Korea,PRK,2021-01-01,,,1.25
North Korea,PRK,2022-01-01,,,1.25
North Macedonia,MKD,2006-01-01,,,3.75
North Macedonia,MKD,2008-01-01,,,3.75
North Macedonia,MKD,2010-01-01,,,4.38
North Macedonia,MKD,2011-01-01,,4.369255,4.38
North Macedonia,MKD,2012-01-01,,,4.38
North Macedonia,MKD,2013-01-01,,,4.38
North Macedonia,MKD,2014-01-01,,5.007,4.38
North Macedonia,MKD,2015-01-01,,5.121,4.38
North Macedonia,MKD,2016-01-01,,5.175,3.75
North Macedonia,MKD,2017-01-01,,5.1848,3.75
North Macedonia,MKD,2018-01-01,,5.2736,3.75
North Macedonia,MKD,2019-01-01,,5.1598,3.75
North Macedonia,MKD,2020-01-01,,5.1012,3.13
North Macedonia,MKD,2021-01-01,,5.199,3.13
North Macedonia,MKD,2022-01-01,,5.2536,3.13
North Macedonia,MKD,2023-01-01,,5.3691,3.13
Northern Cyprus,OWID_CYN,2014-01-01,,5.695,
Northern Cyprus,OWID_CYN,2015-01-01,,5.771,
Northern Cyprus,OWID_CYN,2016-01-01,,5.81,
Northern Cyprus,OWID_CYN,2017-01-01,,5.8348,
Northern Cyprus,OWID_CYN,2018-01-01,,5.7177,
Northern Cyprus,OWID_CYN,2019-01-01,,5.5355,
Northern Cyprus,OWID_CYN,2020-01-01,,5.5355,
Northern Cyprus,OWID_CYN,2021-01-01,,5.4666,
Norway,NOR,2006-01-01,,,8.13
Norway,NOR,2008-01-01,,,8.75
Norway,NOR,2010-01-01,,,9.38
Norway,NOR,2011-01-01,,7.524001,9.38
Norway,NOR,2012-01-01,,,10.0
Norway,NOR,2013-01-01,,,10.0
Norway,NOR,2014-01-01,,7.522,10.0
Norway,NOR,2015-01-01,,7.498,10.0
Norway,NOR,2016-01-01,,7.537,10.0
Norway,NOR,2017-01-01,,7.5937,10.0
Norway,NOR,2018-01-01,,7.5539,10.0
Norway,NOR,2019-01-01,,7.488,10.0
Norway,NOR,2020-01-01,24.89,7.3925,10.0
Norway,NOR,2021-01-01,23.35,7.3651,10.0
Norway,NOR,2022-01-01,,7.3155,10.0
Norway,NOR,2023-01-01,,7.3017,10.0
Oceania,,2011-01-01,,7.34919,
Oceania,,2014-01-01,,7.2843227,
Oceania,,2015-01-01,,7.3163934,
Oceania,,2016-01-01,,7.2888517,
Oceania,,2017-01-01,,7.280464,
Oceania,,2018-01-01,,7.2409005,
Oceania,,2019-01-01,,7.2353625,
Oceania,,2020-01-01,,7.1988325,
Oceania,,2021-01-01,,7.1683283,
Oceania,,2022-01-01,,7.099279,
Oceania,,2023-01-01,,7.0523267,
Oman,OMN,2006-01-01,,,5.0
Oman,OMN,2008-01-01,,,5.0
Oman,OMN,2010-01-01,,,4.38
Oman,OMN,2011-01-01,,,4.38
Oman,OMN,2012-01-01,,,4.38
Oman,OMN,2013-01-01,,,4.38
Oman,OMN,2014-01-01,,6.853,4.38
Oman,OMN,2015-01-01,,,4.38
Oman,OMN,2016-01-01,,,4.38
Oman,OMN,2017-01-01,,,4.38
Oman,OMN,2018-01-01,,,4.38
Oman,OMN,2019-01-01,,,4.38
Oman,OMN,2020-01-01,,,4.38
Oman,OMN,2021-01-01,,,4.38
Oman,OMN,2022-01-01,,,5.0
Oman,OMN,2023-01-01,,,5.0
Pakistan,PAK,2006-01-01,,,4.38
Pakistan,PAK,2008-01-01,,,4.38
Pakistan,PAK,2010-01-01,,,4.38
Pakistan,PAK,2011-01-01,,5.1487,4.38
Pakistan,PAK,2012-01-01,,,4.38
Pakistan,PAK,2013-01-01,,,3.75
Pakistan,PAK,2014-01-01,,5.194,3.75
Pakistan,PAK,2015-01-01,,5.132,2.5
Pakistan,PAK,2016-01-01,,5.269,2.5
Pakistan,PAK,2017-01-01,,5.4725,2.5
Pakistan,PAK,2018-01-01,,5.653,2.5
Pakistan,PAK,2019-01-01,,5.6933,2.5
Pakistan,PAK,2020-01-01,,4.934,2.5
Pakistan,PAK,2021-01-01,,4.5158,2.5
Pakistan,PAK,2022-01-01,,4.5554,2.5
Pakistan,PAK,2023-01-01,,4.6567,2.5
Palestine,PSE,2006-01-01,,,6.88
Palestine,PSE,2008-01-01,,,6.25
Palestine,PSE,2010-01-01,,,4.38
Palestine,PSE,2011-01-01,,4.55501,4.38
Palestine,PSE,2012-01-01,,,4.38
Palestine,PSE,2013-01-01,,,4.38
Palestine,PSE,2014-01-01,,4.715,4.38
Palestine,PSE,2015-01-01,,4.754,4.38
Palestine,PSE,2016-01-01,,4.775,4.38
Palestine,PSE,2017-01-01,,4.7433,4.38
Palestine,PSE,2018-01-01,,4.6963,4.38
Palestine,PSE,2019-01-01,,4.5528,4.38
Palestine,PSE,2020-01-01,,4.5167,4.38
Palestine,PSE,2021-01-01,,4.4825,4.38
Palestine,PSE,2022-01-01,,4.9078,4.38
Palestine,PSE,2023-01-01,,4.8795,3.75
Panama,PAN,2006-01-01,,,5.63
Panama,PAN,2008-01-01,,,5.63
Panama,PAN,2010-01-01,,,5.0
Panama,PAN,2011-01-01,,6.862561,5.0
Panama,PAN,2012-01-01,,,5.0
Panama,PAN,2013-01-01,,,5.0
Panama,PAN,2014-01-01,,6.786,5.0
Panama,PAN,2015-01-01,,6.701,5.0
Panama,PAN,2016-01-01,,6.452,5.0
Panama,PAN,2017-01-01,,6.43,5.0
Panama,PAN,2018-01-01,,6.3213,5.0
Panama,PAN,2019-01-01,,6.3048,5.0
Panama,PAN,2020-01-01,,6.1796,5.0
Panama,PAN,2021-01-01,,6.3091,3.75
Panama,PAN,2022-01-01,,6.2645,3.75
Panama,PAN,2023-01-01,,6.3582,3.75
Papua New Guinea,PNG,2006-01-01,,,6.25
Papua New Guinea,PNG,2008-01-01,,,6.25
Papua New Guinea,PNG,2010-01-01,,,6.25
Papua New Guinea,PNG,2011-01-01,,,6.25
Papua New Guinea,PNG,2012-01-01,,,6.25
Papua New Guinea,PNG,2013-01-01,,,6.25
Papua New Guinea,PNG,2014-01-01,,,5.63
Papua New Guinea,PNG,2015-01-01,,,5.63
Papua New Guinea,PNG,2016-01-01,,,5.63
Papua New Guinea,PNG,2017-01-01,,,5.63
Papua New Guinea,PNG,2018-01-01,,,5.63
Papua New Guinea,PNG,2019-01-01,,,5.63
Papua New Guinea,PNG,2020-01-01,,,6.25
Papua New Guinea,PNG,2021-01-01,,,6.25
Papua New Guinea,PNG,2022-01-01,,,5.63
Papua New Guinea,PNG,2023-01-01,,,5.63
Paraguay,PRY,2006-01-01,,,4.38
Paraguay,PRY,2008-01-01,,,4.38
Paraguay,PRY,2010-01-01,,,4.38
Paraguay,PRY,2011-01-01,,5.398257,4.38
Paraguay,PRY,2012-01-01,,,4.38
Paraguay,PRY,2013-01-01,,,4.38
Paraguay,PRY,2014-01-01,,5.878,4.38
Paraguay,PRY,2015-01-01,,5.538,4.38
Paraguay,PRY,2016-01-01,,5.493,4.38
Paraguay,PRY,2017-01-01,,5.6806,4.38
Paraguay,PRY,2018-01-01,,5.7427,4.38
Paraguay,PRY,2019-01-01,,5.6921,4.38
Paraguay,PRY,2020-01-01,,5.6526,4.38
Paraguay,PRY,2021-01-01,,5.5783,3.13
Paraguay,PRY,2022-01-01,,5.7378,1.88
Paraguay,PRY,2023-01-01,,5.9765,1.88
Peru,PER,2006-01-01,,,5.0
Peru,PER,2008-01-01,,,5.0
Peru,PER,2010-01-01,,,5.0
Peru,PER,2011-01-01,,5.25838,5.0
Peru,PER,2012-01-01,,,4.38
Peru,PER,2013-01-01,,,5.0
Peru,PER,2014-01-01,,5.824,5.0
Peru,PER,2015-01-01,,5.743,4.38
Peru,PER,2016-01-01,,5.715,4.38
Peru,PER,2017-01-01,,5.6632,5.0
Peru,PER,2018-01-01,,5.6971,5.63
Peru,PER,2019-01-01,,5.7968,5.63
Peru,PER,2020-01-01,,5.8396,5.63
Peru,PER,2021-01-01,,5.5591,3.75
Peru,PER,2022-01-01,,5.5259,3.13
Peru,PER,2023-01-01,,5.8409,3.13
Philippines,PHL,2006-01-01,,,3.75
Philippines,PHL,2008-01-01,,,3.13
Philippines,PHL,2010-01-01,,,3.13
Philippines,PHL,2011-01-01,,4.825137,3.13
Philippines,PHL,2012-01-01,,,3.13
Philippines,PHL,2013-01-01,,,3.13
Philippines,PHL,2014-01-01,,5.073,4.38
Philippines,PHL,2015-01-01,,5.279,4.38
Philippines,PHL,2016-01-01,,5.43,4.38
Philippines,PHL,2017-01-01,,5.5241,4.38
Philippines,PHL,2018-01-01,,5.6314,4.38
Philippines,PHL,2019-01-01,,6.006,4.38
Philippines,PHL,2020-01-01,,5.8802,4.38
Philippines,PHL,2021-01-01,,5.9036,4.38
Philippines,PHL,2022-01-01,,5.5229,4.38
Philippines,PHL,2023-01-01,,6.0476,4.38
Poland,POL,2006-01-01,,,5.63
Poland,POL,2008-01-01,,,5.63
Poland,POL,2010-01-01,,,4.38
Poland,POL,2011-01-01,,5.803043,4.38
Poland,POL,2012-01-01,,,4.38
Poland,POL,2013-01-01,,,4.38
Poland,POL,2014-01-01,,5.791,6.25
Poland,POL,2015-01-01,,5.835,4.38
Poland,POL,2016-01-01,,5.973,4.38
Poland,POL,2017-01-01,,6.123,4.38
Poland,POL,2018-01-01,,6.1817,4.38
Poland,POL,2019-01-01,110.44,6.1863,4.38
Poland,POL,2020-01-01,102.46,6.1661,5.63
Poland,POL,2021-01-01,94.44,6.1228,5.63
Poland,POL,2022-01-01,,6.2597,6.25
Poland,POL,2023-01-01,,6.4415,6.25
Portugal,PRT,2006-01-01,,,7.5
Portugal,PRT,2008-01-01,,,7.5
Portugal,PRT,2010-01-01,,,7.5
Portugal,PRT,2011-01-01,,5.327314,7.5
Portugal,PRT,2012-01-01,,,7.5
Portugal,PRT,2013-01-01,,,6.88
Portugal,PRT,2014-01-01,,5.102,6.88
Portugal,PRT,2015-01-01,,5.123,6.88
Portugal,PRT,2016-01-01,,5.195,6.88
Portugal,PRT,2017-01-01,,5.4104,6.88
Portugal,PRT,2018-01-01,50.3,5.6925,6.88
Portugal,PRT,2019-01-01,54.35,5.9109,7.5
Portugal,PRT,2020-01-01,43.31,5.929,7.5
Portugal,PRT,2021-01-01,,6.0163,6.88
Portugal,PRT,2022-01-01,,5.968,6.88
Portugal,PRT,2023-01-01,,6.0296,6.88
Puerto Rico,PRI,2011-01-01,,6.592634,
Puerto Rico,PRI,2015-01-01,,7.039,
Qatar,QAT,2006-01-01,,,5.0
Qatar,QAT,2008-01-01,,,4.38
Qatar,QAT,2010-01-01,,,5.63
Qatar,QAT,2011-01-01,,6.569056,5.63
Qatar,QAT,2012-01-01,,,5.63
Qatar,QAT,2013-01-01,,,5.63
Qatar,QAT,2014-01-01,,6.611,5.63
Qatar,QAT,2015-01-01,,6.375,5.63
Qatar,QAT,2016-01-01,,6.375,5.63
Qatar,QAT,2017-01-01,,6.3745,5.63
Qatar,QAT,2018-01-01,,6.3745,5.63
Qatar,QAT,2019-01-01,,,5.63
Qatar,QAT,2020-01-01,,,5.63
Qatar,QAT,2021-01-01,,,5.63
Qatar,QAT,2022-01-01,,,5.63
Qatar,QAT,2023-01-01,,,5.63
Romania,ROU,2006-01-01,,,5.0
Romania,ROU,2008-01-01,,,5.0
Romania,ROU,2010-01-01,,,3.75
Romania,ROU,2011-01-01,,5.178499,4.38
Romania,ROU,2012-01-01,,,4.38
Romania,ROU,2013-01-01,,,4.38
Romania,ROU,2014-01-01,,5.124,5.0
Romania,ROU,2015-01-01,,5.528,5.0
Romania,ROU,2016-01-01,,5.825,5.0
Romania,ROU,2017-01-01,,5.9452,4.38
Romania,ROU,2018-01-01,,6.0697,4.38
Romania,ROU,2019-01-01,,6.1237,4.38
Romania,ROU,2020-01-01,,6.14,3.75
Romania,ROU,2021-01-01,,6.477,3.75
Romania,ROU,2022-01-01,,6.5891,3.75
Romania,ROU,2023-01-01,,6.4912,3.75
Russia,RUS,2006-01-01,,,3.75
Russia,RUS,2008-01-01,,,3.75
Russia,RUS,2010-01-01,,,3.13
Russia,RUS,2011-01-01,,5.284313,3.13
Russia,RUS,2012-01-01,,,2.5
Russia,RUS,2013-01-01,,,2.5
Russia,RUS,2014-01-01,,5.716,2.5
Russia,RUS,2015-01-01,,5.856,2.5
Russia,RUS,2016-01-01,,5.963,2.5
Russia,RUS,2017-01-01,,5.8097,2.5
Russia,RUS,2018-01-01,,5.6479,2.5
Russia,RUS,2019-01-01,,5.546,2.5
Russia,RUS,2020-01-01,,5.4772,3.13
Russia,RUS,2021-01-01,,5.4586,3.75
Russia,RUS,2022-01-01,,5.6607,3.75
Russia,RUS,2023-01-01,,5.7853,3.75
Rwanda,RWA,2006-01-01,,,5.0
Rwanda,RWA,2008-01-01,,,5.0
Rwanda,RWA,2010-01-01,,,5.0
Rwanda,RWA,2011-01-01,,4.203909,5.0
Rwanda,RWA,2012-01-01,,,5.0
Rwanda,RWA,2013-01-01,,,5.0
Rwanda,RWA,2014-01-01,,3.465,4.38
Rwanda,RWA,2015-01-01,,3.515,4.38
Rwanda,RWA,2016-01-01,,3.471,4.38
Rwanda,RWA,2017-01-01,,3.4081,4.38
Rwanda,RWA,2018-01-01,,3.3338,4.38
Rwanda,RWA,2019-01-01,,3.3123,4.38
Rwanda,RWA,2020-01-01,,3.4147,4.38
Rwanda,RWA,2021-01-01,,3.2682,4.38
Rwanda,RWA,2022-01-01,,,4.38
Rwanda,RWA,2023-01-01,,,5.0
Saudi Arabia,SAU,2006-01-01,,,4.38
Saudi Arabia,SAU,2008-01-01,,,3.75
Saudi Arabia,SAU,2010-01-01,,,3.75
Saudi Arabia,SAU,2011-01-01,,6.597326,3.13
Saudi Arabia,SAU,2012-01-01,,,3.13
Saudi Arabia,SAU,2013-01-01,,,3.13
Saudi Arabia,SAU,2014-01-01,,6.411,3.13
Saudi Arabia,SAU,2015-01-01,,6.379,3.13
Saudi Arabia,SAU,2016-01-01,,6.344,3.13
Saudi Arabia,SAU,2017-01-01,,6.3709,3.13
Saudi Arabia,SAU,2018-01-01,,6.3747,3.13
Saudi Arabia,SAU,2019-01-01,,6.4065,3.13
Saudi Arabia,SAU,2020-01-01,,6.494,3.13
Saudi Arabia,SAU,2021-01-01,,6.5228,3.13
Saudi Arabia,SAU,2022-01-01,,6.4626,3.13
Saudi Arabia,SAU,2023-01-01,,6.5935,
Senegal,SEN,2006-01-01,,,5.63
Senegal,SEN,2008-01-01,,,5.63
Senegal,SEN,2010-01-01,,,5.0
Senegal,SEN,2011-01-01,,4.414183,5.63
Senegal,SEN,2012-01-01,,,5.63
Senegal,SEN,2013-01-01,,,5.63
Senegal,SEN,2014-01-01,,3.904,5.63
Senegal,SEN,2015-01-01,,4.219,5.63
Senegal,SEN,2016-01-01,,4.535,6.25
Senegal,SEN,2017-01-01,,4.6311,6.25
Senegal,SEN,2018-01-01,,4.6811,6.25
Senegal,SEN,2019-01-01,,4.9808,6.25
Senegal,SEN,2020-01-01,,5.1318,6.25
Senegal,SEN,2021-01-01,,5.0461,6.25
Senegal,SEN,2022-01-01,,4.8551,6.25
Senegal,SEN,2023-01-01,,4.9686,5.63
Serbia,SRB,2006-01-01,,,5.63
Serbia,SRB,2008-01-01,,,5.63
Serbia,SRB,2010-01-01,,,4.38
Serbia,SRB,2011-01-01,,4.564279,4.38
Serbia,SRB,2012-01-01,,,4.38
Serbia,SRB,2013-01-01,,,5.0
Serbia,SRB,2014-01-01,,5.123,5.0
Serbia,SRB,2015-01-01,,5.177,5.0
Serbia,SRB,2016-01-01,,5.395,5.0
Serbia,SRB,2017-01-01,,5.3982,5.0
Serbia,SRB,2018-01-01,,5.603,5.0
Serbia,SRB,2019-01-01,,5.7782,5.0
Serbia,SRB,2020-01-01,,6.0779,3.75
Serbia,SRB,2021-01-01,,6.178,3.75
Serbia,SRB,2022-01-01,,6.1436,3.75
Serbia,SRB,2023-01-01,,6.4108,3.75
Sierra Leone,SLE,2006-01-01,,,3.75
Sierra Leone,SLE,2008-01-01,,,5.0
Sierra Leone,SLE,2010-01-01,,,5.63
Sierra Leone,SLE,2011-01-01,,3.585802,5.63
Sierra Leone,SLE,2012-01-01,,,6.25
Sierra Leone,SLE,2013-01-01,,,6.25
Sierra Leone,SLE,2014-01-01,,4.507,6.25
Sierra Leone,SLE,2015-01-01,,4.635,6.25
Sierra Leone,SLE,2016-01-01,,4.709,6.25
Sierra Leone,SLE,2017-01-01,,4.5706,6.25
Sierra Leone,SLE,2018-01-01,,4.3742,6.25
Sierra Leone,SLE,2019-01-01,,3.9264,6.25
Sierra Leone,SLE,2020-01-01,,3.8494,6.25
Sierra Leone,SLE,2021-01-01,,3.574,6.25
Sierra Leone,SLE,2022-01-01,,3.1376,6.25
Sierra Leone,SLE,2023-01-01,,3.2452,5.0
Singapore,SGP,2006-01-01,,,7.5
Singapore,SGP,2008-01-01,,,7.5
Singapore,SGP,2010-01-01,,,7.5
Singapore,SGP,2011-01-01,,6.549302,7.5
Singapore,SGP,2012-01-01,,,6.88
Singapore,SGP,2013-01-01,,,6.88
Singapore,SGP,2014-01-01,,6.798,6.25
Singapore,SGP,2015-01-01,,6.739,6.25
Singapore,SGP,2016-01-01,,6.572,6.25
Singapore,SGP,2017-01-01,,6.3432,6.25
Singapore,SGP,2018-01-01,,6.262,6.25
Singapore,SGP,2019-01-01,,6.3771,6.25
Singapore,SGP,2020-01-01,,6.3765,6.25
Singapore,SGP,2021-01-01,,6.4802,7.5
Singapore,SGP,2022-01-01,,6.5867,7.5
Singapore,SGP,2023-01-01,,6.5228,7.5
Slovakia,SVK,2006-01-01,,,5.0
Slovakia,SVK,2008-01-01,,,5.0
Slovakia,SVK,2010-01-01,,,5.0
Slovakia,SVK,2011-01-01,,5.656836,5.0
Slovakia,SVK,2012-01-01,,,5.0
Slovakia,SVK,2013-01-01,,,5.0
Slovakia,SVK,2014-01-01,,5.995,5.0
Slovakia,SVK,2015-01-01,,6.078,5.0
Slovakia,SVK,2016-01-01,,6.098,5.63
Slovakia,SVK,2017-01-01,,6.1734,5.63
Slovakia,SVK,2018-01-01,,6.1976,5.63
Slovakia,SVK,2019-01-01,,6.2806,5.63
Slovakia,SVK,2020-01-01,,6.3309,5.63
Slovakia,SVK,2021-01-01,,6.3907,5.63
Slovakia,SVK,2022-01-01,,6.4686,5.63
Slovakia,SVK,2023-01-01,,6.2571,5.63
Slovenia,SVN,2006-01-01,,,6.88
Slovenia,SVN,2008-01-01,,,6.88
Slovenia,SVN,2010-01-01,,,6.25
Slovenia,SVN,2011-01-01,,5.922324,6.25
Slovenia,SVN,2012-01-01,,,6.25
Slovenia,SVN,2013-01-01,,,6.25
Slovenia,SVN,2014-01-01,,5.848,5.63
Slovenia,SVN,2015-01-01,,5.768,5.63
Slovenia,SVN,2016-01-01,,5.758,5.63
Slovenia,SVN,2017-01-01,,5.9476,6.25
Slovenia,SVN,2018-01-01,,6.1177,6.25
Slovenia,SVN,2019-01-01,,6.3634,6.25
Slovenia,SVN,2020-01-01,,6.4607,6.25
Slovenia,SVN,2021-01-01,,6.6301,6.25
Slovenia,SVN,2022-01-01,,6.6499,6.25
Slovenia,SVN,2023-01-01,,6.7433,6.25
Somalia,SOM,2015-01-01,,5.44,
Somalia,SOM,2016-01-01,,5.151,
Somalia,SOM,2017-01-01,,4.9815,
Somalia,SOM,2018-01-01,,4.6679,
Somaliland,OWID_SML,2011-01-01,,4.690952,
Somaliland,OWID_SML,2014-01-01,,5.057,
Somaliland,OWID_SML,2015-01-01,,5.057,
South Africa,ZAF,2006-01-01,,,6.88
South Africa,ZAF,2008-01-01,,,6.88
South Africa,ZAF,2010-01-01,,,6.25
South Africa,ZAF,2011-01-01,,5.10052,6.25
South Africa,ZAF,2012-01-01,,,6.25
South Africa,ZAF,2013-01-01,,,6.25
South Africa,ZAF,2014-01-01,,4.642,6.25
South Africa,ZAF,2015-01-01,,4.459,5.0
South Africa,ZAF,2016-01-01,,4.829,5.0
South Africa,ZAF,2017-01-01,,4.724,5.0
South Africa,ZAF,2018-01-01,,4.7222,5.0
South Africa,ZAF,2019-01-01,,4.8141,5.0
South Africa,ZAF,2020-01-01,,4.9564,5.0
South Africa,ZAF,2021-01-01,,5.1939,5.0
South Africa,ZAF,2022-01-01,,5.2746,5.0
South Africa,ZAF,2023-01-01,,5.422,5.0
South America,,2011-01-01,,6.3739057,
South America,,2014-01-01,,6.6793714,
South America,,2015-01-01,,6.6070657,
South America,,2016-01-01,,6.3631525,
South America,,2017-01-01,,6.1778703,
South America,,2018-01-01,,6.071424,
South America,,2019-01-01,,6.1220994,
South America,,2020-01-01,,6.0601993,
South America,,2021-01-01,,5.985671,
South America,,2022-01-01,,5.9193406,
South America,,2023-01-01,,6.0824475,
South Korea,KOR,2006-01-01,,,7.5
South Korea,KOR,2008-01-01,,,7.5
South Korea,KOR,2010-01-01,,,7.5
South Korea,KOR,2011-01-01,,5.643442,7.5
South Korea,KOR,2012-01-01,,,7.5
South Korea,KOR,2013-01-01,,,7.5
South Korea,KOR,2014-01-01,,5.984,7.5
South Korea,KOR,2015-01-01,,5.835,7.5
South Korea,KOR,2016-01-01,,5.838,7.5
South Korea,KOR,2017-01-01,,5.8749,7.5
South Korea,KOR,2018-01-01,,5.8947,7.5
South Korea,KOR,2019-01-01,,5.8724,7.5
South Korea,KOR,2020-01-01,,5.8455,7.5
South Korea,KOR,2021-01-01,,5.9351,7.5
South Korea,KOR,2022-01-01,,5.9511,6.25
South Korea,KOR,2023-01-01,,6.0579,6.25
South Sudan,SSD,2015-01-01,,3.832,
South Sudan,SSD,2016-01-01,,3.591,
South Sudan,SSD,2017-01-01,,3.2542,
South Sudan,SSD,2018-01-01,,2.8526,
South Sudan,SSD,2019-01-01,,2.8166,
Spain,ESP,2006-01-01,,,8.75
Spain,ESP,2008-01-01,,,8.75
Spain,ESP,2010-01-01,,,7.5
Spain,ESP,2011-01-01,,6.761248,7.5
Spain,ESP,2012-01-01,,,7.5
Spain,ESP,2013-01-01,,,7.5
Spain,ESP,2014-01-01,,6.329,6.88
Spain,ESP,2015-01-01,,6.361,8.13
Spain,ESP,2016-01-01,,6.403,8.13
Spain,ESP,2017-01-01,71.39,6.3099,7.5
Spain,ESP,2018-01-01,74.31,6.3541,7.5
Spain,ESP,2019-01-01,84.76,6.4009,8.13
Spain,ESP,2020-01-01,62.16,6.4907,8.13
Spain,ESP,2021-01-01,,6.4763,7.5
Spain,ESP,2022-01-01,,6.4362,7.5
Spain,ESP,2023-01-01,,6.4209,7.5
Sri Lanka,LKA,2006-01-01,,,7.5
Sri Lanka,LKA,2008-01-01,,,7.5
Sri Lanka,LKA,2010-01-01,,,6.88
Sri Lanka,LKA,2011-01-01,,4.25961,6.88
Sri Lanka,LKA,2012-01-01,,,6.88
Sri Lanka,LKA,2013-01-01,,,6.88
Sri Lanka,LKA,2014-01-01,,4.271,6.88
Sri Lanka,LKA,2015-01-01,,4.415,6.88
Sri Lanka,LKA,2016-01-01,,4.44,6.88
Sri Lanka,LKA,2017-01-01,,4.4706,6.25
Sri Lanka,LKA,2018-01-01,,4.3659,6.25
Sri Lanka,LKA,2019-01-01,,4.327,6.25
Sri Lanka,LKA,2020-01-01,9.83,4.325,6.25
Sri Lanka,LKA,2021-01-01,,4.3622,6.25
Sri Lanka,LKA,2022-01-01,,4.4416,6.25
Sri Lanka,LKA,2023-01-01,,3.8981,6.25
Sudan,SDN,2006-01-01,,,5.0
Sudan,SDN,2008-01-01,,,5.0
Sudan,SDN,2010-01-01,,,5.0
Sudan,SDN,2011-01-01,,4.424363,5.0
Sudan,SDN,2012-01-01,,,5.0
Sudan,SDN,2013-01-01,,,5.0
Sudan,SDN,2014-01-01,,4.55,5.0
Sudan,SDN,2015-01-01,,4.139,5.0
Sudan,SDN,2016-01-01,,4.139,5.0
Sudan,SDN,2017-01-01,,4.1387,5.0
Sudan,SDN,2018-01-01,,,5.0
Sudan,SDN,2019-01-01,,,5.0
Sudan,SDN,2020-01-01,,,5.0
Sudan,SDN,2021-01-01,,,5.0
Sudan,SDN,2022-01-01,,,5.0
Suriname,SUR,2006-01-01,,,5.0
Suriname,SUR,2008-01-01,,,5.0
Suriname,SUR,2010-01-01,,,5.0
Suriname,SUR,2011-01-01,,,5.0
Suriname,SUR,2012-01-01,,,5.0
Suriname,SUR,2013-01-01,,,5.0
Suriname,SUR,2014-01-01,,6.269,5.0
Suriname,SUR,2015-01-01,,6.269,5.0
Suriname,SUR,2016-01-01,,,5.0
Suriname,SUR,2017-01-01,,,5.0
Suriname,SUR,2018-01-01,,,5.0
Suriname,SUR,2019-01-01,,,5.0
Suriname,SUR,2020-01-01,,,5.0
Suriname,SUR,2021-01-01,,,5.0
Suriname,SUR,2022-01-01,,,5.0
Suriname,SUR,2023-01-01,,,5.0
Sweden,SWE,2006-01-01,,,9.38
Sweden,SWE,2008-01-01,,,9.38
Sweden,SWE,2010-01-01,,,9.38
Sweden,SWE,2011-01-01,,7.379463,9.38
Sweden,SWE,2012-01-01,,,10.0
Sweden,SWE,2013-01-01,,,10.0
Sweden,SWE,2014-01-01,,7.364,10.0
Sweden,SWE,2015-01-01,,7.291,10.0
Sweden,SWE,2016-01-01,,7.284,10.0
Sweden,SWE,2017-01-01,,7.3145,10.0
Sweden,SWE,2018-01-01,106.86,7.3433,10.0
Sweden,SWE,2019-01-01,100.01,7.3535,10.0
Sweden,SWE,2020-01-01,97.39,7.3627,10.0
Sweden,SWE,2021-01-01,126.87,7.3843,10.0
Sweden,SWE,2022-01-01,,7.3952,10.0
Sweden,SWE,2023-01-01,,7.3441,10.0
Switzerland,CHE,2006-01-01,,,8.75
Switzerland,CHE,2008-01-01,,,9.38
Switzerland,CHE,2010-01-01,,,9.38
Switzerland,CHE,2011-01-01,,7.498953,9.38
Switzerland,CHE,2012-01-01,,,9.38
Switzerland,CHE,2013-01-01,,,9.38
Switzerland,CHE,2014-01-01,,7.587,9.38
Switzerland,CHE,2015-01-01,,7.509,9.38
Switzerland,CHE,2016-01-01,,7.494,9.38
Switzerland,CHE,2017-01-01,,7.4873,9.38
Switzerland,CHE,2018-01-01,188.09,7.4802,9.38
Switzerland,CHE,2019-01-01,208.68,7.5599,9.38
Switzerland,CHE,2020-01-01,197.58,7.5715,9.38
Switzerland,CHE,2021-01-01,,7.5116,9.38
Switzerland,CHE,2022-01-01,,7.2401,9.38
Switzerland,CHE,2023-01-01,,7.0602,9.38
Syria,SYR,2006-01-01,,,6.88
Syria,SYR,2008-01-01,,,5.63
Syria,SYR,2010-01-01,,,5.63
Syria,SYR,2011-01-01,,4.735339,5.63
Syria,SYR,2012-01-01,,,5.0
Syria,SYR,2013-01-01,,,5.63
Syria,SYR,2014-01-01,,3.006,5.0
Syria,SYR,2015-01-01,,3.069,4.38
Syria,SYR,2016-01-01,,3.462,4.38
Syria,SYR,2017-01-01,,3.4619,4.38
Syria,SYR,2018-01-01,,3.4619,4.38
Syria,SYR,2019-01-01,,,4.38
Syria,SYR,2020-01-01,,,4.38
Syria,SYR,2021-01-01,,,4.38
Syria,SYR,2022-01-01,,,4.38
Taiwan,TWN,2006-01-01,,,5.63
Taiwan,TWN,2008-01-01,,,5.63
Taiwan,TWN,2010-01-01,,,5.63
Taiwan,TWN,2011-01-01,,5.987677,5.63
Taiwan,TWN,2012-01-01,,,5.63
Taiwan,TWN,2013-01-01,,,5.63
Taiwan,TWN,2014-01-01,,6.298,5.63
Taiwan,TWN,2015-01-01,,6.379,5.63
Taiwan,TWN,2016-01-01,,6.422,5.63
Taiwan,TWN,2017-01-01,,6.4406,5.63
Taiwan,TWN,2018-01-01,,6.4462,5.63
Taiwan,TWN,2019-01-01,,6.4554,5.63
Taiwan,TWN,2020-01-01,,6.5844,8.13
Taiwan,TWN,2021-01-01,,6.5125,8.13
Taiwan,TWN,2022-01-01,,6.5354,8.13
Taiwan,TWN,2023-01-01,,6.5035,8.13
Tajikistan,TJK,2006-01-01,,,6.25
Tajikistan,TJK,2008-01-01,,,6.25
Tajikistan,TJK,2010-01-01,,,6.25
Tajikistan,TJK,2011-01-01,,4.613789,6.25
Tajikistan,TJK,2012-01-01,,,6.25
Tajikistan,TJK,2013-01-01,,,6.25
Tajikistan,TJK,2014-01-01,,4.786,6.25
Tajikistan,TJK,2015-01-01,,4.996,6.25
Tajikistan,TJK,2016-01-01,,5.041,6.25
Tajikistan,TJK,2017-01-01,,5.3525,6.25
Tajikistan,TJK,2018-01-01,,5.4673,6.25
Tajikistan,TJK,2019-01-01,,5.5557,6.25
Tajikistan,TJK,2020-01-01,,5.4662,4.38
Tajikistan,TJK,2021-01-01,,5.3771,4.38
Tajikistan,TJK,2022-01-01,,5.3298,4.38
Tajikistan,TJK,2023-01-01,,5.2807,
Tanzania,TZA,2006-01-01,,,5.63
Tanzania,TZA,2008-01-01,,,5.63
Tanzania,TZA,2010-01-01,,,5.63
Tanzania,TZA,2011-01-01,,3.800163,5.63
Tanzania,TZA,2012-01-01,,,5.63
Tanzania,TZA,2013-01-01,,,5.63
Tanzania,TZA,2014-01-01,,3.781,5.63
Tanzania,TZA,2015-01-01,,3.666,5.63
Tanzania,TZA,2016-01-01,,3.349,6.25
Tanzania,TZA,2017-01-01,,3.3035,5.63
Tanzania,TZA,2018-01-01,,3.2307,5.63
Tanzania,TZA,2019-01-01,,3.4762,5.63
Tanzania,TZA,2020-01-01,,3.6232,6.25
Tanzania,TZA,2021-01-01,,3.7024,6.25
Tanzania,TZA,2022-01-01,,3.6938,6.25
Tanzania,TZA,2023-01-01,,3.7806,6.88
Thailand,THA,2006-01-01,,,5.63
Thailand,THA,2008-01-01,,,6.88
Thailand,THA,2010-01-01,,,6.25
Thailand,THA,2011-01-01,,5.80368,6.25
Thailand,THA,2012-01-01,,,6.25
Thailand,THA,2013-01-01,,,5.0
Thailand,THA,2014-01-01,,6.455,5.0
Thailand,THA,2015-01-01,,6.474,5.0
Thailand,THA,2016-01-01,,6.424,5.0
Thailand,THA,2017-01-01,,6.0723,5.0
Thailand,THA,2018-01-01,,6.008,5.0
Thailand,THA,2019-01-01,,5.9988,6.25
Thailand,THA,2020-01-01,,5.9847,6.25
Thailand,THA,2021-01-01,,5.8912,6.25
Thailand,THA,2022-01-01,,5.843,5.63
Thailand,THA,2023-01-01,,5.9761,5.0
Togo,TGO,2006-01-01,,,5.63
Togo,TGO,2008-01-01,,,4.38
Togo,TGO,2010-01-01,,,5.0
Togo,TGO,2011-01-01,,3.007487,5.0
Togo,TGO,2012-01-01,,,5.0
Togo,TGO,2013-01-01,,,5.0
Togo,TGO,2014-01-01,,2.839,5.0
Togo,TGO,2015-01-01,,3.303,5.0
Togo,TGO,2016-01-01,,3.495,5.0
Togo,TGO,2017-01-01,,3.9985,5.0
Togo,TGO,2018-01-01,,4.0849,5.0
Togo,TGO,2019-01-01,,4.1872,5.0
Togo,TGO,2020-01-01,,4.1068,5.0
Togo,TGO,2021-01-01,,4.1123,5.0
Togo,TGO,2022-01-01,,4.1374,5.63
Togo,TGO,2023-01-01,,4.2141,5.63
Trinidad and Tobago,TTO,2006-01-01,,,5.63
Trinidad and Tobago,TTO,2008-01-01,,,5.63
Trinidad and Tobago,TTO,2010-01-01,,,5.0
Trinidad and Tobago,TTO,2011-01-01,,6.262625,5.0
Trinidad and Tobago,TTO,2012-01-01,,,5.0
Trinidad and Tobago,TTO,2013-01-01,,,5.0
Trinidad and Tobago,TTO,2014-01-01,,6.168,5.0
Trinidad and Tobago,TTO,2015-01-01,,6.168,5.0
Trinidad and Tobago,TTO,2016-01-01,,6.168,5.0
Trinidad and Tobago,TTO,2017-01-01,,6.1919,5.0
Trinidad and Tobago,TTO,2018-01-01,,6.1919,5.63
Trinidad and Tobago,TTO,2019-01-01,,6.1919,5.63
Trinidad and Tobago,TTO,2020-01-01,,,5.63
Trinidad and Tobago,TTO,2021-01-01,,,5.63
Trinidad and Tobago,TTO,2022-01-01,,,5.63
Trinidad and Tobago,TTO,2023-01-01,,,5.63
Tunisia,TUN,2006-01-01,,,6.88
Tunisia,TUN,2008-01-01,,,5.63
Tunisia,TUN,2010-01-01,,,5.63
Tunisia,TUN,2011-01-01,,5.140657,6.25
Tunisia,TUN,2012-01-01,,,6.25
Tunisia,TUN,2013-01-01,,,6.25
Tunisia,TUN,2014-01-01,,4.739,6.25
Tunisia,TUN,2015-01-01,,5.045,6.88
Tunisia,TUN,2016-01-01,,4.805,6.25
Tunisia,TUN,2017-01-01,,4.5924,6.25
Tunisia,TUN,2018-01-01,,4.4606,6.25
Tunisia,TUN,2019-01-01,,4.3922,5.63
Tunisia,TUN,2020-01-01,,4.5965,5.63
Tunisia,TUN,2021-01-01,,4.516,5.0
Tunisia,TUN,2022-01-01,,4.4967,5.63
Tunisia,TUN,2023-01-01,,4.4218,5.63
Turkey,TUR,2006-01-01,,,3.75
Turkey,TUR,2008-01-01,,,5.0
Turkey,TUR,2010-01-01,,,5.0
Turkey,TUR,2011-01-01,,5.233999,5.0
Turkey,TUR,2012-01-01,,,5.0
Turkey,TUR,2013-01-01,,,5.0
Turkey,TUR,2014-01-01,,5.332,5.63
Turkey,TUR,2015-01-01,,5.389,5.63
Turkey,TUR,2016-01-01,,5.5,5.63
Turkey,TUR,2017-01-01,,5.4825,5.63
Turkey,TUR,2018-01-01,,5.3726,5.0
Turkey,TUR,2019-01-01,,5.1318,5.0
Turkey,TUR,2020-01-01,,4.9476,5.63
Turkey,TUR,2021-01-01,,4.7442,5.63
Turkey,TUR,2022-01-01,,4.6135,5.63
Turkey,TUR,2023-01-01,,4.9753,5.0
Turkmenistan,TKM,2006-01-01,,,5.0
Turkmenistan,TKM,2008-01-01,,,5.0
Turkmenistan,TKM,2010-01-01,,,5.0
Turkmenistan,TKM,2011-01-01,,6.567713,5.0
Turkmenistan,TKM,2012-01-01,,,5.0
Turkmenistan,TKM,2013-01-01,,,5.0
Turkmenistan,TKM,2014-01-01,,5.548,5.0
Turkmenistan,TKM,2015-01-01,,5.658,5.0
Turkmenistan,TKM,2016-01-01,,5.822,5.0
Turkmenistan,TKM,2017-01-01,,5.6362,5.0
Turkmenistan,TKM,2018-01-01,,5.2467,5.0
Turkmenistan,TKM,2019-01-01,0.51,5.1191,5.0
Turkmenistan,TKM,2020-01-01,0.59,5.0664,5.0
Turkmenistan,TKM,2021-01-01,,5.4743,5.0
Turkmenistan,TKM,2022-01-01,,,5.0
Uganda,UGA,2006-01-01,,,6.25
Uganda,UGA,2008-01-01,,,6.25
Uganda,UGA,2010-01-01,,,5.63
Uganda,UGA,2011-01-01,,4.313321,6.25
Uganda,UGA,2012-01-01,,,6.25
Uganda,UGA,2013-01-01,,,6.25
Uganda,UGA,2014-01-01,,3.931,6.25
Uganda,UGA,2015-01-01,,3.739,6.25
Uganda,UGA,2016-01-01,,4.081,6.88
Uganda,UGA,2017-01-01,,4.1608,6.88
Uganda,UGA,2018-01-01,,4.1894,6.88
Uganda,UGA,2019-01-01,,4.432,6.88
Uganda,UGA,2020-01-01,,4.6365,6.88
Uganda,UGA,2021-01-01,,4.6026,6.88
Uganda,UGA,2022-01-01,,4.4325,6.88
Uganda,UGA,2023-01-01,,4.3717,6.88
Ukraine,UKR,2006-01-01,,,5.63
Ukraine,UKR,2008-01-01,,,6.25
Ukraine,UKR,2010-01-01,,,4.38
Ukraine,UKR,2011-01-01,,5.089082,4.38
Ukraine,UKR,2012-01-01,,,4.38
Ukraine,UKR,2013-01-01,,,4.38
Ukraine,UKR,2014-01-01,,4.681,5.0
Ukraine,UKR,2015-01-01,,4.324,5.0
Ukraine,UKR,2016-01-01,,4.096,5.0
Ukraine,UKR,2017-01-01,,4.1029,6.25
Ukraine,UKR,2018-01-01,,4.3322,6.25
Ukraine,UKR,2019-01-01,,4.5607,6.25
Ukraine,UKR,2020-01-01,,4.8748,5.0
Ukraine,UKR,2021-01-01,,5.0841,5.0
Ukraine,UKR,2022-01-01,,5.0714,6.25
Ukraine,UKR,2023-01-01,,4.873,5.0
United Arab Emirates,ARE,2006-01-01,,,5.0
United Arab Emirates,ARE,2008-01-01,,,5.0
United Arab Emirates,ARE,2010-01-01,,,5.0
United Arab Emirates,ARE,2011-01-01,,6.977243,5.0
United Arab Emirates,ARE,2012-01-01,,,5.0
United Arab Emirates,ARE,2013-01-01,,,5.0
United Arab Emirates,ARE,2014-01-01,,6.901,5.0
United Arab Emirates,ARE,2015-01-01,,6.573,5.0
United Arab Emirates,ARE,2016-01-01,,6.648,5.0
United Arab Emirates,ARE,2017-01-01,,6.7741,5.0
United Arab Emirates,ARE,2018-01-01,,6.8245,5.0
United Arab Emirates,ARE,2019-01-01,,6.7908,5.0
United Arab Emirates,ARE,2020-01-01,,6.5605,5.0
United Arab Emirates,ARE,2021-01-01,,6.576,5.63
United Arab Emirates,ARE,2022-01-01,,6.5712,5.63
United Arab Emirates,ARE,2023-01-01,,6.7331,5.63
United Kingdom,GBR,2006-01-01,,,8.13
United Kingdom,GBR,2008-01-01,,,8.75
United Kingdom,GBR,2010-01-01,,,8.13
United Kingdom,GBR,2011-01-01,,6.936396,8.13
United Kingdom,GBR,2012-01-01,,,8.75
United Kingdom,GBR,2013-01-01,,,8.75
United Kingdom,GBR,2014-01-01,,6.867,8.75
United Kingdom,GBR,2015-01-01,,6.725,8.75
United Kingdom,GBR,2016-01-01,,6.714,8.75
United Kingdom,GBR,2017-01-01,,6.8143,8.13
United Kingdom,GBR,2018-01-01,,7.0537,8.13
United Kingdom,GBR,2019-01-01,,7.1645,7.5
United Kingdom,GBR,2020-01-01,,7.0636,7.5
United Kingdom,GBR,2021-01-01,,6.9425,6.25
United Kingdom,GBR,2022-01-01,,6.7956,6.88
United Kingdom,GBR,2023-01-01,,6.749,6.88
United States,USA,2006-01-01,,,8.75
United States,USA,2008-01-01,,,8.75
United States,USA,2010-01-01,,,8.13
United States,USA,2011-01-01,,7.270243,8.13
United States,USA,2012-01-01,,,8.13
United States,USA,2013-01-01,,,8.13
United States,USA,2014-01-01,,7.119,8.13
United States,USA,2015-01-01,,7.104,8.13
United States,USA,2016-01-01,,6.993,8.13
United States,USA,2017-01-01,,6.886,8.13
United States,USA,2018-01-01,,6.8923,7.5
United States,USA,2019-01-01,,6.9396,7.5
United States,USA,2020-01-01,,6.9515,6.25
United States,USA,2021-01-01,,6.9768,6.25
United States,USA,2022-01-01,,6.8937,6.25
United States,USA,2023-01-01,,6.7248,6.25
Upper-middle-income countries,,2011-01-01,,5.191414,
Upper-middle-income countries,,2014-01-01,,5.550886,
Upper-middle-income countries,,2015-01-01,,5.576543,
Upper-middle-income countries,,2016-01-01,,5.5567946,
Upper-middle-income countries,,2017-01-01,,5.4787908,
Upper-middle-income countries,,2018-01-01,,5.4255037,
Upper-middle-income countries,,2019-01-01,,5.4028873,
Upper-middle-income countries,,2020-01-01,,5.4997654,
Upper-middle-income countries,,2021-01-01,,5.5977035,
Upper-middle-income countries,,2022-01-01,,5.729286,
Upper-middle-income countries,,2023-01-01,,5.9067183,
Uruguay,URY,2006-01-01,,,6.88
Uruguay,URY,2008-01-01,,,7.5
Uruguay,URY,2010-01-01,,,7.5
Uruguay,URY,2011-01-01,,5.898252,7.5
Uruguay,URY,2012-01-01,,,7.5
Uruguay,URY,2013-01-01,,,7.5
Uruguay,URY,2014-01-01,,6.485,7.5
Uruguay,URY,2015-01-01,,6.545,7.5
Uruguay,URY,2016-01-01,,6.454,7.5
Uruguay,URY,2017-01-01,,6.3788,7.5
Uruguay,URY,2018-01-01,,6.2933,7.5
Uruguay,URY,2019-01-01,,6.4401,7.5
Uruguay,URY,2020-01-01,,6.4314,8.13
Uruguay,URY,2021-01-01,,6.4736,8.75
Uruguay,URY,2022-01-01,,6.4939,8.13
Uruguay,URY,2023-01-01,,6.6115,6.88
Uzbekistan,UZB,2006-01-01,,,5.0
Uzbekistan,UZB,2008-01-01,,,5.0
Uzbekistan,UZB,2010-01-01,,,5.0
Uzbekistan,UZB,2011-01-01,,5.224832,5.0
Uzbekistan,UZB,2012-01-01,,,4.38
Uzbekistan,UZB,2013-01-01,,,4.38
Uzbekistan,UZB,2014-01-01,,6.003,6.25
Uzbekistan,UZB,2015-01-01,,5.987,5.0
Uzbekistan,UZB,2016-01-01,,5.971,5.0
Uzbekistan,UZB,2017-01-01,,6.0961,5.0
Uzbekistan,UZB,2018-01-01,,6.1741,5.0
Uzbekistan,UZB,2019-01-01,,6.2576,5.0
Uzbekistan,UZB,2020-01-01,,6.1788,5.0
Uzbekistan,UZB,2021-01-01,,6.0627,5.0
Uzbekistan,UZB,2022-01-01,,6.0143,5.0
Uzbekistan,UZB,2023-01-01,,6.195,
Venezuela,VEN,2006-01-01,,,5.0
Venezuela,VEN,2008-01-01,,,4.38
Venezuela,VEN,2010-01-01,,,4.38
Venezuela,VEN,2011-01-01,,6.922258,4.38
Venezuela,VEN,2012-01-01,,,4.38
Venezuela,VEN,2013-01-01,,,4.38
Venezuela,VEN,2014-01-01,,6.81,4.38
Venezuela,VEN,2015-01-01,,6.084,4.38
Venezuela,VEN,2016-01-01,,5.25,4.38
Venezuela,VEN,2017-01-01,,4.8056,4.38
Venezuela,VEN,2018-01-01,,4.7066,4.38
Venezuela,VEN,2019-01-01,,5.0532,4.38
Venezuela,VEN,2020-01-01,,4.8922,4.38
Venezuela,VEN,2021-01-01,,4.9255,2.5
Venezuela,VEN,2022-01-01,,5.2106,1.88
Venezuela,VEN,2023-01-01,,5.6067,3.13
Vietnam,VNM,2006-01-01,,,4.38
Vietnam,VNM,2008-01-01,,,4.38
Vietnam,VNM,2010-01-01,,,5.63
Vietnam,VNM,2011-01-01,,5.425293,6.25
Vietnam,VNM,2012-01-01,,,6.25
Vietnam,VNM,2013-01-01,,,6.88
Vietnam,VNM,2014-01-01,,5.36,6.88
Vietnam,VNM,2015-01-01,,5.061,6.88
Vietnam,VNM,2016-01-01,,5.074,6.88
Vietnam,VNM,2017-01-01,,5.1032,5.63
Vietnam,VNM,2018-01-01,,5.1753,5.63
Vietnam,VNM,2019-01-01,,5.3535,5.63
Vietnam,VNM,2020-01-01,,5.4108,5.63
Vietnam,VNM,2021-01-01,,5.485,5.63
Vietnam,VNM,2022-01-01,,5.7633,3.75
Vietnam,VNM,2023-01-01,,6.043,3.75
World,OWID_WRL,2011-01-01,,5.2651887,
World,OWID_WRL,2014-01-01,,5.2876306,
World,OWID_WRL,2015-01-01,,5.25061,
World,OWID_WRL,2016-01-01,,5.2296824,
World,OWID_WRL,2017-01-01,,5.1762795,
World,OWID_WRL,2018-01-01,,5.151496,
World,OWID_WRL,2019-01-01,,5.081043,
World,OWID_WRL,2020-01-01,,5.1670065,
World,OWID_WRL,2021-01-01,,5.1841474,
World,OWID_WRL,2022-01-01,,5.2261734,
World,OWID_WRL,2023-01-01,,5.266165,
Yemen,YEM,2006-01-01,,,4.38
Yemen,YEM,2008-01-01,,,5.0
Yemen,YEM,2010-01-01,,,5.0
Yemen,YEM,2011-01-01,,4.453632,5.0
Yemen,YEM,2012-01-01,,,5.0
Yemen,YEM,2013-01-01,,,5.0
Yemen,YEM,2014-01-01,,4.077,5.0
Yemen,YEM,2015-01-01,,3.724,5.0
Yemen,YEM,2016-01-01,,3.593,5.0
Yemen,YEM,2017-01-01,,3.3549,5.0
Yemen,YEM,2018-01-01,,3.3798,5.0
Yemen,YEM,2019-01-01,,3.5274,5.0
Yemen,YEM,2020-01-01,,3.6579,5.0
Yemen,YEM,2021-01-01,,4.1969,5.0
Yemen,YEM,2022-01-01,,,5.0
Yemen,YEM,2023-01-01,,3.561,
Zambia,ZMB,2006-01-01,,,6.25
Zambia,ZMB,2008-01-01,,,6.25
Zambia,ZMB,2010-01-01,,,5.63
Zambia,ZMB,2011-01-01,,4.704553,6.25
Zambia,ZMB,2012-01-01,,,6.25
Zambia,ZMB,2013-01-01,,,6.25
Zambia,ZMB,2014-01-01,,5.129,6.88
Zambia,ZMB,2015-01-01,,4.795,6.88
Zambia,ZMB,2016-01-01,,4.514,6.88
Zambia,ZMB,2017-01-01,,4.3771,6.88
Zambia,ZMB,2018-01-01,,4.1066,6.88
Zambia,ZMB,2019-01-01,,3.7594,6.88
Zambia,ZMB,2020-01-01,,4.0734,6.88
Zambia,ZMB,2021-01-01,,3.7598,6.88
Zambia,ZMB,2022-01-01,,3.9822,6.88
Zambia,ZMB,2023-01-01,,3.5024,6.88
Zimbabwe,ZWE,2006-01-01,,,5.63
Zimbabwe,ZWE,2008-01-01,,,5.63
Zimbabwe,ZWE,2010-01-01,,,5.63
Zimbabwe,ZWE,2011-01-01,,3.978434,5.0
Zimbabwe,ZWE,2012-01-01,,,5.0
Zimbabwe,ZWE,2013-01-01,,,5.0
Zimbabwe,ZWE,2014-01-01,,4.61,5.0
Zimbabwe,ZWE,2015-01-01,,4.193,5.63
Zimbabwe,ZWE,2016-01-01,,3.875,5.63
Zimbabwe,ZWE,2017-01-01,,3.6923,5.63
Zimbabwe,ZWE,2018-01-01,,3.6632,5.63
Zimbabwe,ZWE,2019-01-01,,3.2992,5.63
Zimbabwe,ZWE,2020-01-01,,3.1448,5.63
Zimbabwe,ZWE,2021-01-01,,2.9951,5.0
Zimbabwe,ZWE,2022-01-01,,3.2035,5.0
Zimbabwe,ZWE,2023-01-01,,3.3411,5.0
